timeStamp,elapsed,label,responseCode,responseMessage,threadName,dataType,success,failureMessage,bytes,sentBytes,grpThreads,allThreads,URL,Latency,IdleTime,Connect
1716867450673,2884,University of OverHere - Sonde Page,200,OK,Main Group 1-3,text,true,,22127,210,5,5,https://weather.uwyo.edu/cgi-bin/sounding?region=pac&TYPE=TEXT%3ALIST&YEAR=2024&MONTH=01&FROM=2100&TO=1812&STNM=72440,2879,0,833
1716867450126,4565,University of Wyoming - Sonde Page,200,OK,Main Group 1-5,text,true,,158728,209,5,5,https://weather.uwyo.edu/cgi-bin/sounding?region=pac&TYPE=TEXT%3ALIST&YEAR=2024&MONTH=01&FROM=700&TO=1512&STNM=93112,4190,0,1379
1716867451250,3478,University of Wyoming - Sonde Page,200,OK,Main Group 1-4,text,true,,116629,210,5,5,https://weather.uwyo.edu/cgi-bin/sounding?region=pac&TYPE=TEXT%3ALIST&YEAR=2024&MONTH=01&FROM=1800&TO=2212&STNM=72672,3100,0,605
1716867451507,3328,University of Wyoming - Sonde Page,200,OK,Main Group 1-2,text,true,,109314,209,5,5,https://weather.uwyo.edu/cgi-bin/sounding?region=pac&TYPE=TEXT%3ALIST&YEAR=2024&MONTH=01&FROM=800&TO=1612&STNM=26477,2953,0,644
1716867452835,2496,University of Wyoming - Sonde Page,200,OK,Main Group 1-1,text,true,,10104,208,5,5,https://weather.uwyo.edu/cgi-bin/sounding?region=pac&TYPE=TEXT%3ALIST&YEAR=2024&MONTH=01&FROM=800&TO=412&STNM=94866,2496,0,627
1716867458224,2623,University of Frankston - Sonde Page,200,OK,Main Group 1-1,text,true,,9255,209,5,5,https://weather.uwyo.edu/cgi-bin/sounding?region=pac&TYPE=TEXT%3ALIST&YEAR=2024&MONTH=01&FROM=1500&TO=912&STNM=60390,2623,0,639
1716867458693,2693,University of Wyoming - Sonde Page,200,OK,Main Group 1-2,text,true,,13471,209,5,5,https://weather.uwyo.edu/cgi-bin/sounding?region=pac&TYPE=TEXT%3ALIST&YEAR=2024&MONTH=01&FROM=1200&TO=712&STNM=72672,2693,0,637
1716867461428,2431,University of Melbourne - Sonde Page,200,OK,Main Group 1-3,text,true,,10971,209,5,5,https://weather.uwyo.edu/cgi-bin/sounding?region=pac&TYPE=TEXT%3ALIST&YEAR=2024&MONTH=01&FROM=2400&TO=212&STNM=60390,2431,0,609
1716867462485,3014,University of Melbourne - Sonde Page,200,OK,Main Group 1-5,text,true,,1184,209,5,5,https://weather.uwyo.edu/cgi-bin/sounding?region=pac&TYPE=TEXT%3ALIST&YEAR=2024&MONTH=01&FROM=1000&TO=712&STNM=93112,3014,0,634
1716867462681,4094,University of Melbourne - Sonde Page,200,OK,Main Group 1-4,text,true,,21267,209,5,5,https://weather.uwyo.edu/cgi-bin/sounding?region=pac&TYPE=TEXT%3ALIST&YEAR=2024&MONTH=01&FROM=1600&TO=712&STNM=72440,4093,0,637
1716867463812,3090,University of Wyoming - Sonde Page,200,OK,Main Group 1-1,text,true,,7517,209,5,5,https://weather.uwyo.edu/cgi-bin/sounding?region=pac&TYPE=TEXT%3ALIST&YEAR=2024&MONTH=01&FROM=2000&TO=212&STNM=26477,3090,0,643
1716867468988,3009,University of Wyoming - Sonde Page,200,OK,Main Group 1-2,text,true,,11087,210,5,5,https://weather.uwyo.edu/cgi-bin/sounding?region=pac&TYPE=TEXT%3ALIST&YEAR=2024&MONTH=01&FROM=2700&TO=2512&STNM=94866,3009,0,625
1716867468130,3982,University of Wyoming - Sonde Page,200,OK,Main Group 1-3,text,true,,51292,210,5,5,https://weather.uwyo.edu/cgi-bin/sounding?region=pac&TYPE=TEXT%3ALIST&YEAR=2024&MONTH=01&FROM=2300&TO=2512&STNM=93112,3796,0,643
1716867469107,7092,University of Wyoming - Sonde Page,200,OK,Main Group 1-5,text,true,,389321,210,5,5,https://weather.uwyo.edu/cgi-bin/sounding?region=pac&TYPE=TEXT%3ALIST&YEAR=2024&MONTH=01&FROM=1300&TO=2712&STNM=72672,6486,0,598
1716867472589,3753,University of Wyoming - Sonde Page,200,OK,Main Group 1-4,text,true,,81712,208,5,5,https://weather.uwyo.edu/cgi-bin/sounding?region=pac&TYPE=TEXT%3ALIST&YEAR=2024&MONTH=01&FROM=500&TO=812&STNM=94866,3545,0,642
1716867477100,1357,University of Wyoming - Sonde Page,400,Bad Request,Main Group 1-3,text,false,,204,209,5,5,https://weather.uwyo.edu/cgi-bin/sounding?region=pac&TYPE=TEXT%3ALIST&YEAR=2024&MONTH=01&FROM=1300&TO=012&STNM=26477,1353,0,630
1716867475230,5974,University of Wyoming - Sonde Page,200,OK,Main Group 1-1,text,true,,21191,209,5,5,https://weather.uwyo.edu/cgi-bin/sounding?region=pac&TYPE=TEXT%3ALIST&YEAR=2024&MONTH=01&FROM=1400&TO=912&STNM=72440,5974,0,701
1716867481586,4090,University of Wyoming - Sonde Page,200,OK,Main Group 1-5,text,true,,20257,210,5,5,https://weather.uwyo.edu/cgi-bin/sounding?region=pac&TYPE=TEXT%3ALIST&YEAR=2024&MONTH=01&FROM=2600&TO=1612&STNM=72672,4089,0,661
1716867486261,1426,University of Wyoming - Sonde Page,200,OK,Main Group 1-1,text,true,,10969,209,5,5,https://weather.uwyo.edu/cgi-bin/sounding?region=pac&TYPE=TEXT%3ALIST&YEAR=2024&MONTH=01&FROM=2400&TO=612&STNM=60390,1426,0,633
1716867485102,4700,University of Wyoming - Sonde Page,200,OK,Main Group 1-3,text,true,,108811,210,5,5,https://weather.uwyo.edu/cgi-bin/sounding?region=pac&TYPE=TEXT%3ALIST&YEAR=2024&MONTH=01&FROM=1700&TO=1912&STNM=72440,4332,0,639
1716867478883,11926,University of Wyoming - Sonde Page,200,OK,Main Group 1-4,text,true,,179203,209,5,5,https://weather.uwyo.edu/cgi-bin/sounding?region=pac&TYPE=TEXT%3ALIST&YEAR=2024&MONTH=01&FROM=300&TO=1812&STNM=26477,11545,0,635
1716867477773,14785,University of Wyoming - Sonde Page,200,OK,Main Group 1-2,text,true,,117621,209,5,5,https://weather.uwyo.edu/cgi-bin/sounding?region=pac&TYPE=TEXT%3ALIST&YEAR=2024&MONTH=01&FROM=900&TO=2112&STNM=60390,14408,0,638
1716867491893,2697,University of Wyoming - Sonde Page,200,OK,Main Group 1-4,text,true,,20878,209,5,5,https://weather.uwyo.edu/cgi-bin/sounding?region=pac&TYPE=TEXT%3ALIST&YEAR=2024&MONTH=01&FROM=1900&TO=412&STNM=72440,2697,0,628
1716867493619,2344,University of Wyoming - Sonde Page,200,OK,Main Group 1-5,text,true,,10878,209,5,5,https://weather.uwyo.edu/cgi-bin/sounding?region=pac&TYPE=TEXT%3ALIST&YEAR=2024&MONTH=01&FROM=1900&TO=712&STNM=94866,2344,0,644
1716867494841,4357,University of Wyoming - Sonde Page,200,OK,Main Group 1-3,text,true,,49003,210,5,5,https://weather.uwyo.edu/cgi-bin/sounding?region=pac&TYPE=TEXT%3ALIST&YEAR=2024&MONTH=01&FROM=2000&TO=2112&STNM=72672,4169,0,654
1716867496274,3773,University of Wyoming - Sonde Page,200,OK,Main Group 1-1,text,true,,9254,208,5,5,https://weather.uwyo.edu/cgi-bin/sounding?region=pac&TYPE=TEXT%3ALIST&YEAR=2024&MONTH=01&FROM=900&TO=912&STNM=93112,3773,0,634
1716867498117,2753,University of Wyoming - Sonde Page,200,OK,Main Group 1-4,text,true,,21624,210,5,5,https://weather.uwyo.edu/cgi-bin/sounding?region=pac&TYPE=TEXT%3ALIST&YEAR=2024&MONTH=01&FROM=1700&TO=1812&STNM=26477,2752,0,632
1716867499481,2715,University of Wyoming - Sonde Page,200,OK,Main Group 1-2,text,true,,10881,209,5,5,https://weather.uwyo.edu/cgi-bin/sounding?region=pac&TYPE=TEXT%3ALIST&YEAR=2024&MONTH=01&FROM=1100&TO=212&STNM=94866,2715,0,636
1716867501096,2427,University of Wyoming - Sonde Page,200,OK,Main Group 1-3,text,true,,1184,209,5,5,https://weather.uwyo.edu/cgi-bin/sounding?region=pac&TYPE=TEXT%3ALIST&YEAR=2024&MONTH=01&FROM=1800&TO=212&STNM=93112,2427,0,633
1716867500556,5340,University of Wyoming - Sonde Page,200,OK,Main Group 1-5,text,true,,154279,209,5,5,https://weather.uwyo.edu/cgi-bin/sounding?region=pac&TYPE=TEXT%3ALIST&YEAR=2024&MONTH=01&FROM=500&TO=2112&STNM=60390,4956,0,605
1716867505977,2474,University of Wyoming - Sonde Page,200,OK,Main Group 1-4,text,true,,1184,209,5,5,https://weather.uwyo.edu/cgi-bin/sounding?region=pac&TYPE=TEXT%3ALIST&YEAR=2024&MONTH=01&FROM=1400&TO=612&STNM=93112,2474,0,630
1716867506588,4110,University of Wyoming - Sonde Page,200,OK,Main Group 1-1,text,true,,10187,209,5,5,https://weather.uwyo.edu/cgi-bin/sounding?region=pac&TYPE=TEXT%3ALIST&YEAR=2024&MONTH=01&FROM=2600&TO=612&STNM=60390,4110,0,638
1716867511656,3998,University of Wyoming - Sonde Page,200,OK,Main Group 1-5,text,true,,8401,209,5,5,https://weather.uwyo.edu/cgi-bin/sounding?region=pac&TYPE=TEXT%3ALIST&YEAR=2024&MONTH=01&FROM=2200&TO=712&STNM=26477,3998,0,653
1716867512453,4910,University of Wyoming - Sonde Page,200,OK,Main Group 1-4,text,true,,103161,209,5,5,https://weather.uwyo.edu/cgi-bin/sounding?region=pac&TYPE=TEXT%3ALIST&YEAR=2024&MONTH=01&FROM=900&TO=1312&STNM=94866,4543,0,646
1716867509206,8265,University of Wyoming - Sonde Page,200,OK,Main Group 1-3,text,true,,181726,210,5,5,https://weather.uwyo.edu/cgi-bin/sounding?region=pac&TYPE=TEXT%3ALIST&YEAR=2024&MONTH=01&FROM=2100&TO=2512&STNM=72440,7884,0,635
1716867507209,10606,University of Wyoming - Sonde Page,200,OK,Main Group 1-2,text,true,,444777,209,5,5,https://weather.uwyo.edu/cgi-bin/sounding?region=pac&TYPE=TEXT%3ALIST&YEAR=2024&MONTH=01&FROM=300&TO=2112&STNM=72672,10018,0,630
1716867515566,2325,University of Wyoming - Sonde Page,200,OK,Main Group 1-1,text,true,,1184,210,5,5,https://weather.uwyo.edu/cgi-bin/sounding?region=pac&TYPE=TEXT%3ALIST&YEAR=2024&MONTH=01&FROM=1700&TO=1012&STNM=93112,2325,0,633
1716867516787,1377,University of Wyoming - Sonde Page,400,Bad Request,Main Group 1-5,text,false,,204,209,5,5,https://weather.uwyo.edu/cgi-bin/sounding?region=pac&TYPE=TEXT%3ALIST&YEAR=2024&MONTH=01&FROM=1400&TO=012&STNM=26477,1372,0,638
1716867521200,2818,University of Wyoming - Sonde Page,200,OK,Main Group 1-1,text,true,,33708,208,5,5,https://weather.uwyo.edu/cgi-bin/sounding?region=pac&TYPE=TEXT%3ALIST&YEAR=2024&MONTH=01&FROM=800&TO=812&STNM=72440,2812,0,624
1716867522803,1351,University of Wyoming - Sonde Page,200,OK,Main Group 1-4,text,true,,11085,210,5,5,https://weather.uwyo.edu/cgi-bin/sounding?region=pac&TYPE=TEXT%3ALIST&YEAR=2024&MONTH=01&FROM=2700&TO=1312&STNM=94866,1351,0,634
1716867520877,5062,University of Wyoming - Sonde Page,200,OK,Main Group 1-3,text,true,,190725,209,5,5,https://weather.uwyo.edu/cgi-bin/sounding?region=pac&TYPE=TEXT%3ALIST&YEAR=2024&MONTH=01&FROM=200&TO=2212&STNM=60390,4681,0,637
1716867522477,3509,University of Wyoming - Sonde Page,200,OK,Main Group 1-5,text,true,,72980,208,5,5,https://weather.uwyo.edu/cgi-bin/sounding?region=pac&TYPE=TEXT%3ALIST&YEAR=2024&MONTH=01&FROM=400&TO=712&STNM=93112,3320,0,631
1716867524467,2591,University of Wyoming - Sonde Page,200,OK,Main Group 1-2,text,true,,11599,210,5,5,https://weather.uwyo.edu/cgi-bin/sounding?region=pac&TYPE=TEXT%3ALIST&YEAR=2024&MONTH=01&FROM=1800&TO=1612&STNM=72672,2590,0,639
1716867529385,1300,University of Wyoming - Sonde Page,200,OK,Main Group 1-4,text,true,,11085,210,5,5,https://weather.uwyo.edu/cgi-bin/sounding?region=pac&TYPE=TEXT%3ALIST&YEAR=2024&MONTH=01&FROM=2700&TO=2612&STNM=94866,1300,0,605
1716867529206,2627,University of Wyoming - Sonde Page,200,OK,Main Group 1-2,text,true,,36671,210,5,5,https://weather.uwyo.edu/cgi-bin/sounding?region=pac&TYPE=TEXT%3ALIST&YEAR=2024&MONTH=01&FROM=2200&TO=2212&STNM=72440,2624,0,633
1716867530141,2526,University of Wyoming - Sonde Page,200,OK,Main Group 1-1,text,true,,28884,209,5,5,https://weather.uwyo.edu/cgi-bin/sounding?region=pac&TYPE=TEXT%3ALIST&YEAR=2024&MONTH=01&FROM=900&TO=1112&STNM=60390,2523,0,627
1716867537979,1243,University of Wyoming - Sonde Page,503,Service Unavailable,Main Group 1-1,text,false,,267,208,5,5,https://weather.uwyo.edu/cgi-bin/sounding?region=pac&TYPE=TEXT%3ALIST&YEAR=2024&MONTH=01&FROM=900&TO=512&STNM=94866,1229,0,636
1716867532603,7928,University of Wyoming - Sonde Page,200,OK,Main Group 1-3,text,true,,45237,210,5,5,https://weather.uwyo.edu/cgi-bin/sounding?region=pac&TYPE=TEXT%3ALIST&YEAR=2024&MONTH=01&FROM=1300&TO=1612&STNM=26477,7748,0,624
1716867533278,8281,University of Wyoming - Sonde Page,200,OK,Main Group 1-5,text,true,,63043,210,5,5,https://weather.uwyo.edu/cgi-bin/sounding?region=pac&TYPE=TEXT%3ALIST&YEAR=2024&MONTH=01&FROM=1700&TO=1912&STNM=72672,8091,0,628
1716867534095,7936,University of Wyoming - Sonde Page,200,OK,Main Group 1-4,text,true,,63217,210,5,5,https://weather.uwyo.edu/cgi-bin/sounding?region=pac&TYPE=TEXT%3ALIST&YEAR=2024&MONTH=01&FROM=1600&TO=2212&STNM=60390,7749,0,638
1716867535970,7246,University of Wyoming - Sonde Page,200,OK,Main Group 1-2,text,true,,20410,208,5,5,https://weather.uwyo.edu/cgi-bin/sounding?region=pac&TYPE=TEXT%3ALIST&YEAR=2024&MONTH=01&FROM=500&TO=112&STNM=72440,7246,0,634
1716867545603,2200,University of Wyoming - Sonde Page,200,OK,Main Group 1-5,text,true,,1184,209,5,5,https://weather.uwyo.edu/cgi-bin/sounding?region=pac&TYPE=TEXT%3ALIST&YEAR=2024&MONTH=01&FROM=1300&TO=612&STNM=93112,2200,0,654
1716867546362,3163,University of Wyoming - Sonde Page,200,OK,Main Group 1-4,text,true,,158531,209,5,5,https://weather.uwyo.edu/cgi-bin/sounding?region=pac&TYPE=TEXT%3ALIST&YEAR=2024&MONTH=01&FROM=400&TO=1712&STNM=26477,2790,0,632
1716867546449,4086,University of Wyoming - Sonde Page,200,OK,Main Group 1-3,text,true,,381441,210,5,5,https://weather.uwyo.edu/cgi-bin/sounding?region=pac&TYPE=TEXT%3ALIST&YEAR=2024&MONTH=01&FROM=1500&TO=2812&STNM=72672,3510,0,636
1716867547286,3713,University of Wyoming - Sonde Page,200,OK,Main Group 1-1,text,true,,233392,209,5,5,https://weather.uwyo.edu/cgi-bin/sounding?region=pac&TYPE=TEXT%3ALIST&YEAR=2024&MONTH=01&FROM=900&TO=2712&STNM=26477,3154,0,601
1716867550800,1379,University of Wyoming - Sonde Page,400,Bad Request,Main Group 1-5,text,false,,204,209,5,5,https://weather.uwyo.edu/cgi-bin/sounding?region=pac&TYPE=TEXT%3ALIST&YEAR=2024&MONTH=01&FROM=2600&TO=012&STNM=72672,1375,0,637
1716867549857,4515,University of Wyoming - Sonde Page,200,OK,Main Group 1-2,text,true,,226248,210,5,5,https://weather.uwyo.edu/cgi-bin/sounding?region=pac&TYPE=TEXT%3ALIST&YEAR=2024&MONTH=01&FROM=1500&TO=2512&STNM=93112,3967,0,629
1716867555267,2599,University of Wyoming - Sonde Page,200,OK,Main Group 1-3,text,true,,16120,209,5,5,https://weather.uwyo.edu/cgi-bin/sounding?region=pac&TYPE=TEXT%3ALIST&YEAR=2024&MONTH=01&FROM=2700&TO=712&STNM=72440,2599,0,634
1716867556097,2474,University of Wyoming - Sonde Page,200,OK,Main Group 1-1,text,true,,10014,210,5,5,https://weather.uwyo.edu/cgi-bin/sounding?region=pac&TYPE=TEXT%3ALIST&YEAR=2024&MONTH=01&FROM=2200&TO=2212&STNM=60390,2474,0,628
1716867556370,2405,University of Wyoming - Sonde Page,200,OK,Main Group 1-4,text,true,,11193,210,5,5,https://weather.uwyo.edu/cgi-bin/sounding?region=pac&TYPE=TEXT%3ALIST&YEAR=2024&MONTH=01&FROM=2600&TO=1812&STNM=94866,2405,0,599
1716867557151,2378,University of Wyoming - Sonde Page,200,OK,Main Group 1-2,text,true,,7307,209,5,5,https://weather.uwyo.edu/cgi-bin/sounding?region=pac&TYPE=TEXT%3ALIST&YEAR=2024&MONTH=01&FROM=2500&TO=812&STNM=26477,2378,0,639
1716867558962,1298,University of Wyoming - Sonde Page,200,OK,Main Group 1-5,text,true,,10102,208,5,5,https://weather.uwyo.edu/cgi-bin/sounding?region=pac&TYPE=TEXT%3ALIST&YEAR=2024&MONTH=01&FROM=800&TO=112&STNM=94866,1298,0,636
1716867562157,2607,University of Wyoming - Sonde Page,200,OK,Main Group 1-3,text,true,,15031,209,5,5,https://weather.uwyo.edu/cgi-bin/sounding?region=pac&TYPE=TEXT%3ALIST&YEAR=2024&MONTH=01&FROM=2300&TO=812&STNM=72672,2607,0,630
1716867562002,3084,University of Wyoming - Sonde Page,200,OK,Main Group 1-1,text,true,,84442,210,5,5,https://weather.uwyo.edu/cgi-bin/sounding?region=pac&TYPE=TEXT%3ALIST&YEAR=2024&MONTH=01&FROM=1100&TO=1512&STNM=93112,2905,0,633
1716867563195,2434,University of Wyoming - Sonde Page,200,OK,Main Group 1-2,text,true,,9641,209,5,5,https://weather.uwyo.edu/cgi-bin/sounding?region=pac&TYPE=TEXT%3ALIST&YEAR=2024&MONTH=01&FROM=2700&TO=312&STNM=60390,2434,0,612
1716867565240,2661,University of Wyoming - Sonde Page,200,OK,Main Group 1-4,text,true,,19942,209,5,5,https://weather.uwyo.edu/cgi-bin/sounding?region=pac&TYPE=TEXT%3ALIST&YEAR=2024&MONTH=01&FROM=1000&TO=312&STNM=72440,2660,0,636
1716867566807,4282,University of Wyoming - Sonde Page,200,OK,Main Group 1-5,text,true,,9878,210,5,5,https://weather.uwyo.edu/cgi-bin/sounding?region=pac&TYPE=TEXT%3ALIST&YEAR=2024&MONTH=01&FROM=1700&TO=1512&STNM=60390,4282,0,602
1716867570355,4414,University of Wyoming - Sonde Page,200,OK,Main Group 1-3,text,true,,1184,209,5,5,https://weather.uwyo.edu/cgi-bin/sounding?region=pac&TYPE=TEXT%3ALIST&YEAR=2024&MONTH=01&FROM=2500&TO=412&STNM=93112,4414,0,634
1716867571983,5844,University of Wyoming - Sonde Page,200,OK,Main Group 1-1,text,true,,198493,209,5,5,https://weather.uwyo.edu/cgi-bin/sounding?region=pac&TYPE=TEXT%3ALIST&YEAR=2024&MONTH=01&FROM=500&TO=1412&STNM=94866,5448,0,600
1716867574631,4046,University of Wyoming - Sonde Page,200,OK,Main Group 1-4,text,true,,7152,209,5,5,https://weather.uwyo.edu/cgi-bin/sounding?region=pac&TYPE=TEXT%3ALIST&YEAR=2024&MONTH=01&FROM=1300&TO=312&STNM=26477,4046,0,639
1716867576303,2997,University of Wyoming - Sonde Page,200,OK,Main Group 1-5,text,true,,43935,210,5,5,https://weather.uwyo.edu/cgi-bin/sounding?region=pac&TYPE=TEXT%3ALIST&YEAR=2024&MONTH=01&FROM=1900&TO=2012&STNM=72672,2814,0,631
1716867577576,2540,University of Wyoming - Sonde Page,200,OK,Main Group 1-3,text,true,,18862,210,5,5,https://weather.uwyo.edu/cgi-bin/sounding?region=pac&TYPE=TEXT%3ALIST&YEAR=2024&MONTH=01&FROM=1900&TO=2012&STNM=60390,2539,0,603
1716867572091,8515,University of Wyoming - Sonde Page,200,OK,Main Group 1-2,text,true,,438062,210,5,5,https://weather.uwyo.edu/cgi-bin/sounding?region=pac&TYPE=TEXT%3ALIST&YEAR=2024&MONTH=01&FROM=1700&TO=2812&STNM=72440,7758,0,638
1716867584848,2688,University of Wyoming - Sonde Page,200,OK,Main Group 1-1,text,true,,11601,210,5,5,https://weather.uwyo.edu/cgi-bin/sounding?region=pac&TYPE=TEXT%3ALIST&YEAR=2024&MONTH=01&FROM=2000&TO=1712&STNM=72672,2688,0,634
1716867586289,1277,University of Wyoming - Sonde Page,400,Bad Request,Main Group 1-2,text,false,,204,209,5,5,https://weather.uwyo.edu/cgi-bin/sounding?region=pac&TYPE=TEXT%3ALIST&YEAR=2024&MONTH=01&FROM=1700&TO=012&STNM=26477,1273,0,600
1716867584880,2753,University of Wyoming - Sonde Page,200,OK,Main Group 1-4,text,true,,66162,210,5,5,https://weather.uwyo.edu/cgi-bin/sounding?region=pac&TYPE=TEXT%3ALIST&YEAR=2024&MONTH=01&FROM=1100&TO=1412&STNM=93112,2566,0,626
1716867586368,5058,University of Wyoming - Sonde Page,200,OK,Main Group 1-3,text,true,,370877,209,5,5,https://weather.uwyo.edu/cgi-bin/sounding?region=pac&TYPE=TEXT%3ALIST&YEAR=2024&MONTH=01&FROM=800&TO=2612&STNM=94866,4476,0,593
1716867587679,4838,University of Wyoming - Sonde Page,200,OK,Main Group 1-5,text,true,,512695,210,5,5,https://weather.uwyo.edu/cgi-bin/sounding?region=pac&TYPE=TEXT%3ALIST&YEAR=2024&MONTH=01&FROM=1400&TO=2712&STNM=72440,4101,0,598
1716867593928,1387,University of Wyoming - Sonde Page,400,Bad Request,Main Group 1-4,text,false,,204,208,5,5,https://weather.uwyo.edu/cgi-bin/sounding?region=pac&TYPE=TEXT%3ALIST&YEAR=2024&MONTH=01&FROM=700&TO=012&STNM=93112,1382,0,641
1716867591734,4980,University of Wyoming - Sonde Page,200,OK,Main Group 1-1,text,true,,168301,209,5,5,https://weather.uwyo.edu/cgi-bin/sounding?region=pac&TYPE=TEXT%3ALIST&YEAR=2024&MONTH=01&FROM=800&TO=2112&STNM=26477,4598,0,637
1716867595427,2349,University of Wyoming - Sonde Page,200,OK,Main Group 1-2,text,true,,10092,209,5,5,https://weather.uwyo.edu/cgi-bin/sounding?region=pac&TYPE=TEXT%3ALIST&YEAR=2024&MONTH=01&FROM=1100&TO=212&STNM=60390,2349,0,645
1716867599983,1336,University of Wyoming - Sonde Page,200,OK,Main Group 1-3,text,true,,11191,210,5,5,https://weather.uwyo.edu/cgi-bin/sounding?region=pac&TYPE=TEXT%3ALIST&YEAR=2024&MONTH=01&FROM=2600&TO=1312&STNM=94866,1336,0,636
1716867599953,1514,University of Wyoming - Sonde Page,200,OK,Main Group 1-5,text,true,,22125,210,5,5,https://weather.uwyo.edu/cgi-bin/sounding?region=pac&TYPE=TEXT%3ALIST&YEAR=2024&MONTH=01&FROM=2100&TO=1012&STNM=72440,1513,0,626
1716867599535,2254,University of Wyoming - Sonde Page,200,OK,Main Group 1-4,text,true,,13707,209,5,5,https://weather.uwyo.edu/cgi-bin/sounding?region=pac&TYPE=TEXT%3ALIST&YEAR=2024&MONTH=01&FROM=1600&TO=712&STNM=72672,2254,0,620
1716867605743,1261,University of Wyoming - Sonde Page,503,Service Unavailable,Main Group 1-3,text,false,,267,210,5,5,https://weather.uwyo.edu/cgi-bin/sounding?region=pac&TYPE=TEXT%3ALIST&YEAR=2024&MONTH=01&FROM=2300&TO=1412&STNM=60390,1248,0,627
1716867604938,4150,University of Wyoming - Sonde Page,200,OK,Main Group 1-4,text,true,,1184,210,5,5,https://weather.uwyo.edu/cgi-bin/sounding?region=pac&TYPE=TEXT%3ALIST&YEAR=2024&MONTH=01&FROM=2000&TO=1712&STNM=93112,4150,0,628
1716867603108,6035,University of Wyoming - Sonde Page,200,OK,Main Group 1-2,text,true,,20101,209,5,5,https://weather.uwyo.edu/cgi-bin/sounding?region=pac&TYPE=TEXT%3ALIST&YEAR=2024&MONTH=01&FROM=2500&TO=712&STNM=72672,6034,0,635
1716867603217,5950,University of Wyoming - Sonde Page,200,OK,Main Group 1-1,text,true,,20333,209,5,5,https://weather.uwyo.edu/cgi-bin/sounding?region=pac&TYPE=TEXT%3ALIST&YEAR=2024&MONTH=01&FROM=2200&TO=212&STNM=72440,5949,0,609
1716867609120,1433,University of Wyoming - Sonde Page,200,OK,Main Group 1-5,text,true,,10876,210,5,5,https://weather.uwyo.edu/cgi-bin/sounding?region=pac&TYPE=TEXT%3ALIST&YEAR=2024&MONTH=01&FROM=1900&TO=1612&STNM=94866,1433,0,784
1716867610998,2575,University of Wyoming - Sonde Page,200,OK,Main Group 1-1,text,true,,11597,210,5,5,https://weather.uwyo.edu/cgi-bin/sounding?region=pac&TYPE=TEXT%3ALIST&YEAR=2024&MONTH=01&FROM=1800&TO=1512&STNM=72672,2575,0,654
1716867613791,1544,University of Wyoming - Sonde Page,503,Service Unavailable,Main Group 1-4,text,false,,267,210,5,5,https://weather.uwyo.edu/cgi-bin/sounding?region=pac&TYPE=TEXT%3ALIST&YEAR=2024&MONTH=01&FROM=1200&TO=1812&STNM=60390,1531,0,804
1716867613832,1518,University of Wyoming - Sonde Page,503,Service Unavailable,Main Group 1-3,text,false,,267,210,5,5,https://weather.uwyo.edu/cgi-bin/sounding?region=pac&TYPE=TEXT%3ALIST&YEAR=2024&MONTH=01&FROM=1100&TO=1512&STNM=26477,1506,0,839
1716867611347,9357,University of Wyoming - Sonde Page,200,OK,Main Group 1-2,text,true,,201972,209,5,5,https://weather.uwyo.edu/cgi-bin/sounding?region=pac&TYPE=TEXT%3ALIST&YEAR=2024&MONTH=01&FROM=100&TO=1812&STNM=26477,8973,0,633
1716867618729,4552,University of Wyoming - Sonde Page,503,Service Unavailable,Main Group 1-4,text,false,,267,209,5,5,https://weather.uwyo.edu/cgi-bin/sounding?region=pac&TYPE=TEXT%3ALIST&YEAR=2024&MONTH=01&FROM=100&TO=2412&STNM=94866,4540,0,3818
1716867616974,8588,University of Wyoming - Sonde Page,200,OK,Main Group 1-5,text,true,,1184,210,5,5,https://weather.uwyo.edu/cgi-bin/sounding?region=pac&TYPE=TEXT%3ALIST&YEAR=2024&MONTH=01&FROM=2100&TO=1412&STNM=93112,8588,0,633
1716867625320,1507,University of Wyoming - Sonde Page,200,OK,Main Group 1-2,text,true,,10969,209,5,5,https://weather.uwyo.edu/cgi-bin/sounding?region=pac&TYPE=TEXT%3ALIST&YEAR=2024&MONTH=01&FROM=2400&TO=812&STNM=60390,1507,0,886
1716867617922,10187,University of Wyoming - Sonde Page,200,OK,Main Group 1-1,text,true,,715832,209,5,5,https://weather.uwyo.edu/cgi-bin/sounding?region=pac&TYPE=TEXT%3ALIST&YEAR=2024&MONTH=01&FROM=900&TO=2812&STNM=72440,9434,0,628
1716867620984,8545,University of Wyoming - Sonde Page,200,OK,Main Group 1-3,text,true,,213967,210,5,5,https://weather.uwyo.edu/cgi-bin/sounding?region=pac&TYPE=TEXT%3ALIST&YEAR=2024&MONTH=01&FROM=1600&TO=2612&STNM=94866,8116,0,3206
1716867630125,2155,University of Wyoming - Sonde Page,400,Bad Request,Main Group 1-4,text,false,,204,209,5,5,https://weather.uwyo.edu/cgi-bin/sounding?region=pac&TYPE=TEXT%3ALIST&YEAR=2024&MONTH=01&FROM=2000&TO=012&STNM=26477,2150,0,1482
1716867629597,4471,University of Wyoming - Sonde Page,200,OK,Main Group 1-5,text,true,,15421,209,5,5,https://weather.uwyo.edu/cgi-bin/sounding?region=pac&TYPE=TEXT%3ALIST&YEAR=2024&MONTH=01&FROM=2700&TO=812&STNM=72672,4471,0,1330
1716867633357,1188,University of Wyoming - Sonde Page,200,OK,Main Group 1-1,text,true,,1182,210,5,5,https://weather.uwyo.edu/cgi-bin/sounding?region=pac&TYPE=TEXT%3ALIST&YEAR=2024&MONTH=01&FROM=2100&TO=1912&STNM=93112,1188,0,612
1716867631082,7424,University of Wyoming - Sonde Page,200,OK,Main Group 1-2,text,true,,220566,210,5,5,https://weather.uwyo.edu/cgi-bin/sounding?region=pac&TYPE=TEXT%3ALIST&YEAR=2024&MONTH=01&FROM=1800&TO=2312&STNM=72440,6861,0,2328
1716867634409,5182,University of Wyoming - Sonde Page,200,OK,Main Group 1-3,text,true,,224433,210,5,5,https://weather.uwyo.edu/cgi-bin/sounding?region=pac&TYPE=TEXT%3ALIST&YEAR=2024&MONTH=01&FROM=1100&TO=2012&STNM=72672,4632,0,885
1716867636780,4407,University of Wyoming - Sonde Page,200,OK,Main Group 1-4,text,true,,512284,209,5,5,https://weather.uwyo.edu/cgi-bin/sounding?region=pac&TYPE=TEXT%3ALIST&YEAR=2024&MONTH=01&FROM=300&TO=1612&STNM=72440,3659,0,1063
1716867640211,3053,University of Wyoming - Sonde Page,200,OK,Main Group 1-1,text,true,,101581,210,5,5,https://weather.uwyo.edu/cgi-bin/sounding?region=pac&TYPE=TEXT%3ALIST&YEAR=2024&MONTH=01&FROM=1700&TO=2112&STNM=93112,2676,0,648
1716867640780,2812,University of Wyoming - Sonde Page,200,OK,Main Group 1-5,text,true,,93835,210,5,5,https://weather.uwyo.edu/cgi-bin/sounding?region=pac&TYPE=TEXT%3ALIST&YEAR=2024&MONTH=01&FROM=2000&TO=2612&STNM=26477,2613,0,626
1716867645146,1372,University of Wyoming - Sonde Page,503,Service Unavailable,Main Group 1-3,text,false,,267,209,5,5,https://weather.uwyo.edu/cgi-bin/sounding?region=pac&TYPE=TEXT%3ALIST&YEAR=2024&MONTH=01&FROM=1400&TO=912&STNM=94866,1357,0,632
1716867643691,4805,University of Wyoming - Sonde Page,200,OK,Main Group 1-2,text,true,,19268,210,5,5,https://weather.uwyo.edu/cgi-bin/sounding?region=pac&TYPE=TEXT%3ALIST&YEAR=2024&MONTH=01&FROM=2700&TO=2812&STNM=60390,4805,0,638
1716867646975,1624,University of Wyoming - Sonde Page,200,OK,Main Group 1-4,text,true,,20331,210,5,5,https://weather.uwyo.edu/cgi-bin/sounding?region=pac&TYPE=TEXT%3ALIST&YEAR=2024&MONTH=01&FROM=2200&TO=1612&STNM=72440,1621,0,639
1716867647851,1433,University of Wyoming - Sonde Page,200,OK,Main Group 1-1,text,true,,10876,210,5,5,https://weather.uwyo.edu/cgi-bin/sounding?region=pac&TYPE=TEXT%3ALIST&YEAR=2024&MONTH=01&FROM=1900&TO=1812&STNM=94866,1433,0,634
1716867648454,1661,University of Wyoming - Sonde Page,200,OK,Main Group 1-3,text,true,,13469,210,5,5,https://weather.uwyo.edu/cgi-bin/sounding?region=pac&TYPE=TEXT%3ALIST&YEAR=2024&MONTH=01&FROM=1200&TO=1012&STNM=72672,1661,0,608
1716867651053,1195,University of Wyoming - Sonde Page,200,OK,Main Group 1-5,text,true,,9253,209,5,5,https://weather.uwyo.edu/cgi-bin/sounding?region=pac&TYPE=TEXT%3ALIST&YEAR=2024&MONTH=01&FROM=1500&TO=712&STNM=60390,1195,0,647
1716867652477,1345,University of Wyoming - Sonde Page,200,OK,Main Group 1-4,text,true,,7515,209,5,5,https://weather.uwyo.edu/cgi-bin/sounding?region=pac&TYPE=TEXT%3ALIST&YEAR=2024&MONTH=01&FROM=2000&TO=512&STNM=26477,1345,0,617
1716867652587,1480,University of Wyoming - Sonde Page,200,OK,Main Group 1-1,text,true,,20331,210,5,5,https://weather.uwyo.edu/cgi-bin/sounding?region=pac&TYPE=TEXT%3ALIST&YEAR=2024&MONTH=01&FROM=2200&TO=1512&STNM=72440,1479,0,641
1716867654648,4637,University of Wyoming - Sonde Page,200,OK,Main Group 1-2,text,true,,9802,208,5,5,https://weather.uwyo.edu/cgi-bin/sounding?region=pac&TYPE=TEXT%3ALIST&YEAR=2024&MONTH=01&FROM=200&TO=212&STNM=93112,4637,0,623
1716867652587,7910,University of Wyoming - Sonde Page,200,OK,Main Group 1-3,text,true,,400273,209,5,5,https://weather.uwyo.edu/cgi-bin/sounding?region=pac&TYPE=TEXT%3ALIST&YEAR=2024&MONTH=01&FROM=300&TO=2212&STNM=94866,7319,0,629
1716867660178,2842,University of Wyoming - Sonde Page,200,OK,Main Group 1-5,text,true,,3625,208,5,5,https://weather.uwyo.edu/cgi-bin/sounding?region=pac&TYPE=TEXT%3ALIST&YEAR=2024&MONTH=01&FROM=500&TO=212&STNM=26477,2842,0,658
1716867661760,1327,University of Wyoming - Sonde Page,200,OK,Main Group 1-4,text,true,,1182,210,5,5,https://weather.uwyo.edu/cgi-bin/sounding?region=pac&TYPE=TEXT%3ALIST&YEAR=2024&MONTH=01&FROM=2000&TO=1112&STNM=93112,1327,0,598
1716867659991,4424,University of Wyoming - Sonde Page,200,OK,Main Group 1-1,text,true,,265059,210,5,5,https://weather.uwyo.edu/cgi-bin/sounding?region=pac&TYPE=TEXT%3ALIST&YEAR=2024&MONTH=01&FROM=1700&TO=2612&STNM=72672,3868,0,663
1716867665012,1396,University of Wyoming - Sonde Page,200,OK,Main Group 1-2,text,true,,9876,210,5,5,https://weather.uwyo.edu/cgi-bin/sounding?region=pac&TYPE=TEXT%3ALIST&YEAR=2024&MONTH=01&FROM=1700&TO=1312&STNM=60390,1396,0,633
1716867667662,1130,University of Wyoming - Sonde Page,400,Bad Request,Main Group 1-4,text,false,,204,209,5,5,https://weather.uwyo.edu/cgi-bin/sounding?region=pac&TYPE=TEXT%3ALIST&YEAR=2024&MONTH=01&FROM=1500&TO=012&STNM=60390,1125,0,658
1716867667741,2635,University of Wyoming - Sonde Page,200,OK,Main Group 1-3,text,true,,36644,210,5,5,https://weather.uwyo.edu/cgi-bin/sounding?region=pac&TYPE=TEXT%3ALIST&YEAR=2024&MONTH=01&FROM=1100&TO=1312&STNM=26477,2630,0,645
1716867668822,2431,University of Wyoming - Sonde Page,200,OK,Main Group 1-1,text,true,,21426,209,5,5,https://weather.uwyo.edu/cgi-bin/sounding?region=pac&TYPE=TEXT%3ALIST&YEAR=2024&MONTH=01&FROM=1700&TO=812&STNM=72440,2430,0,621
1716867671955,2634,University of Wyoming - Sonde Page,200,OK,Main Group 1-5,text,true,,21200,210,5,5,https://weather.uwyo.edu/cgi-bin/sounding?region=pac&TYPE=TEXT%3ALIST&YEAR=2024&MONTH=01&FROM=2100&TO=2112&STNM=94866,2633,0,617
1716867670412,4860,University of Wyoming - Sonde Page,200,OK,Main Group 1-2,text,true,,619723,209,5,5,https://weather.uwyo.edu/cgi-bin/sounding?region=pac&TYPE=TEXT%3ALIST&YEAR=2024&MONTH=01&FROM=500&TO=2812&STNM=72672,4086,0,616
1716867675557,1206,University of Wyoming - Sonde Page,200,OK,Main Group 1-3,text,true,,10969,210,5,5,https://weather.uwyo.edu/cgi-bin/sounding?region=pac&TYPE=TEXT%3ALIST&YEAR=2024&MONTH=01&FROM=2400&TO=1712&STNM=60390,1206,0,592
1716867677987,3734,University of Wyoming - Sonde Page,200,OK,Main Group 1-4,text,true,,145449,208,5,5,https://weather.uwyo.edu/cgi-bin/sounding?region=pac&TYPE=TEXT%3ALIST&YEAR=2024&MONTH=01&FROM=200&TO=912&STNM=93112,3352,0,643
1716867680283,1748,University of Wyoming - Sonde Page,200,OK,Main Group 1-5,text,true,,181724,210,5,5,https://weather.uwyo.edu/cgi-bin/sounding?region=pac&TYPE=TEXT%3ALIST&YEAR=2024&MONTH=01&FROM=2100&TO=2512&STNM=72440,1360,0,604
1716867679042,4189,University of Wyoming - Sonde Page,200,OK,Main Group 1-2,text,true,,12537,209,5,5,https://weather.uwyo.edu/cgi-bin/sounding?region=pac&TYPE=TEXT%3ALIST&YEAR=2024&MONTH=01&FROM=1700&TO=412&STNM=72672,4189,0,634
1716867680159,5197,University of Wyoming - Sonde Page,200,OK,Main Group 1-3,text,true,,178077,209,5,5,https://weather.uwyo.edu/cgi-bin/sounding?region=pac&TYPE=TEXT%3ALIST&YEAR=2024&MONTH=01&FROM=700&TO=1512&STNM=94866,4819,0,591
1716867684336,1400,University of Wyoming - Sonde Page,200,OK,Main Group 1-4,text,true,,3623,208,5,5,https://weather.uwyo.edu/cgi-bin/sounding?region=pac&TYPE=TEXT%3ALIST&YEAR=2024&MONTH=01&FROM=500&TO=412&STNM=26477,1400,0,638
1716867680051,8678,University of Wyoming - Sonde Page,200,OK,Main Group 1-1,text,true,,468792,209,5,5,https://weather.uwyo.edu/cgi-bin/sounding?region=pac&TYPE=TEXT%3ALIST&YEAR=2024&MONTH=01&FROM=300&TO=2612&STNM=93112,7943,0,603
1716867685901,3627,University of Wyoming - Sonde Page,200,OK,Main Group 1-2,text,true,,9645,209,5,5,https://weather.uwyo.edu/cgi-bin/sounding?region=pac&TYPE=TEXT%3ALIST&YEAR=2024&MONTH=01&FROM=1600&TO=812&STNM=60390,3627,0,604
1716867686675,3129,University of Wyoming - Sonde Page,200,OK,Main Group 1-5,text,true,,11991,210,5,5,https://weather.uwyo.edu/cgi-bin/sounding?region=pac&TYPE=TEXT%3ALIST&YEAR=2024&MONTH=01&FROM=1500&TO=1212&STNM=72672,3129,0,633
1716867689526,2689,University of Wyoming - Sonde Page,200,OK,Main Group 1-4,text,true,,8245,209,5,5,https://weather.uwyo.edu/cgi-bin/sounding?region=pac&TYPE=TEXT%3ALIST&YEAR=2024&MONTH=01&FROM=2300&TO=412&STNM=26477,2689,0,632
1716867693881,5119,University of Wyoming - Sonde Page,200,OK,Main Group 1-2,text,true,,19785,209,5,5,https://weather.uwyo.edu/cgi-bin/sounding?region=pac&TYPE=TEXT%3ALIST&YEAR=2024&MONTH=01&FROM=1200&TO=712&STNM=72440,5117,0,594
1716867695432,3914,University of Wyoming - Sonde Page,200,OK,Main Group 1-1,text,true,,1184,209,5,5,https://weather.uwyo.edu/cgi-bin/sounding?region=pac&TYPE=TEXT%3ALIST&YEAR=2024&MONTH=01&FROM=2700&TO=112&STNM=93112,3914,0,631
1716867693050,6355,University of Wyoming - Sonde Page,200,OK,Main Group 1-3,text,true,,207228,209,5,5,https://weather.uwyo.edu/cgi-bin/sounding?region=pac&TYPE=TEXT%3ALIST&YEAR=2024&MONTH=01&FROM=100&TO=1012&STNM=94866,5971,0,631
1716867695479,5160,University of Wyoming - Sonde Page,200,OK,Main Group 1-5,text,true,,304171,209,5,5,https://weather.uwyo.edu/cgi-bin/sounding?region=pac&TYPE=TEXT%3ALIST&YEAR=2024&MONTH=01&FROM=200&TO=1612&STNM=94866,4598,0,622
1716867697061,5294,University of Wyoming - Sonde Page,200,OK,Main Group 1-4,text,true,,606853,209,5,5,https://weather.uwyo.edu/cgi-bin/sounding?region=pac&TYPE=TEXT%3ALIST&YEAR=2024&MONTH=01&FROM=400&TO=2712&STNM=72672,4541,0,624
1716867703300,1121,University of Wyoming - Sonde Page,200,OK,Main Group 1-1,text,true,,1182,209,5,5,https://weather.uwyo.edu/cgi-bin/sounding?region=pac&TYPE=TEXT%3ALIST&YEAR=2024&MONTH=01&FROM=1800&TO=912&STNM=93112,1120,0,601
1716867702990,2157,University of Wyoming - Sonde Page,200,OK,Main Group 1-5,text,true,,10815,210,5,5,https://weather.uwyo.edu/cgi-bin/sounding?region=pac&TYPE=TEXT%3ALIST&YEAR=2024&MONTH=01&FROM=2500&TO=2112&STNM=60390,2157,0,612
1716867702646,4337,University of Wyoming - Sonde Page,200,OK,Main Group 1-3,text,true,,183276,210,5,5,https://weather.uwyo.edu/cgi-bin/sounding?region=pac&TYPE=TEXT%3ALIST&YEAR=2024&MONTH=01&FROM=1400&TO=2812&STNM=26477,3950,0,635
1716867704043,4326,University of Wyoming - Sonde Page,200,OK,Main Group 1-2,text,true,,438201,209,5,5,https://weather.uwyo.edu/cgi-bin/sounding?region=pac&TYPE=TEXT%3ALIST&YEAR=2024&MONTH=01&FROM=300&TO=1412&STNM=72440,3718,0,617
1716867711051,2286,University of Wyoming - Sonde Page,200,OK,Main Group 1-5,text,true,,11028,210,5,5,https://weather.uwyo.edu/cgi-bin/sounding?region=pac&TYPE=TEXT%3ALIST&YEAR=2024&MONTH=01&FROM=2100&TO=1212&STNM=60390,2285,0,611
1716867709818,3745,University of Wyoming - Sonde Page,200,OK,Main Group 1-3,text,true,,236509,210,5,5,https://weather.uwyo.edu/cgi-bin/sounding?region=pac&TYPE=TEXT%3ALIST&YEAR=2024&MONTH=01&FROM=2000&TO=2712&STNM=72672,3187,0,607
1716867710760,3952,University of Wyoming - Sonde Page,200,OK,Main Group 1-1,text,true,,175696,209,5,5,https://weather.uwyo.edu/cgi-bin/sounding?region=pac&TYPE=TEXT%3ALIST&YEAR=2024&MONTH=01&FROM=600&TO=2012&STNM=26477,3571,0,692
1716867711450,3369,University of Wyoming - Sonde Page,200,OK,Main Group 1-4,text,true,,1184,210,5,5,https://weather.uwyo.edu/cgi-bin/sounding?region=pac&TYPE=TEXT%3ALIST&YEAR=2024&MONTH=01&FROM=2300&TO=1412&STNM=93112,3369,0,639
1716867713922,1066,University of Wyoming - Sonde Page,200,OK,Main Group 1-2,text,true,,10876,210,5,5,https://weather.uwyo.edu/cgi-bin/sounding?region=pac&TYPE=TEXT%3ALIST&YEAR=2024&MONTH=01&FROM=1900&TO=1012&STNM=94866,1065,0,635
1716867719834,1381,University of Wyoming - Sonde Page,400,Bad Request,Main Group 1-4,text,false,,204,209,5,5,https://weather.uwyo.edu/cgi-bin/sounding?region=pac&TYPE=TEXT%3ALIST&YEAR=2024&MONTH=01&FROM=2300&TO=012&STNM=93112,1378,0,627
1716867716536,4952,University of Wyoming - Sonde Page,200,OK,Main Group 1-2,text,true,,446179,209,5,5,https://weather.uwyo.edu/cgi-bin/sounding?region=pac&TYPE=TEXT%3ALIST&YEAR=2024&MONTH=01&FROM=900&TO=2612&STNM=72672,4368,0,651
1716867718415,4968,University of Wyoming - Sonde Page,200,OK,Main Group 1-5,text,true,,468072,209,5,5,https://weather.uwyo.edu/cgi-bin/sounding?region=pac&TYPE=TEXT%3ALIST&YEAR=2024&MONTH=01&FROM=500&TO=1712&STNM=72440,4225,0,597
1716867719301,4889,University of Wyoming - Sonde Page,200,OK,Main Group 1-3,text,true,,173148,209,5,5,https://weather.uwyo.edu/cgi-bin/sounding?region=pac&TYPE=TEXT%3ALIST&YEAR=2024&MONTH=01&FROM=300&TO=2112&STNM=60390,4496,0,604
1716867719797,5189,University of Wyoming - Sonde Page,200,OK,Main Group 1-1,text,true,,85281,210,5,5,https://weather.uwyo.edu/cgi-bin/sounding?region=pac&TYPE=TEXT%3ALIST&YEAR=2024&MONTH=01&FROM=1600&TO=2212&STNM=26477,4992,0,620
1716867723566,2664,University of Wyoming - Sonde Page,200,OK,Main Group 1-4,text,true,,11277,209,5,5,https://weather.uwyo.edu/cgi-bin/sounding?region=pac&TYPE=TEXT%3ALIST&YEAR=2024&MONTH=01&FROM=1000&TO=812&STNM=94866,2664,0,624
1716867725403,1170,University of Wyoming - Sonde Page,200,OK,Main Group 1-5,text,true,,11026,209,5,5,https://weather.uwyo.edu/cgi-bin/sounding?region=pac&TYPE=TEXT%3ALIST&YEAR=2024&MONTH=01&FROM=2100&TO=912&STNM=60390,1170,0,639
1716867724652,5717,University of Wyoming - Sonde Page,200,OK,Main Group 1-2,text,true,,539038,209,5,5,https://weather.uwyo.edu/cgi-bin/sounding?region=pac&TYPE=TEXT%3ALIST&YEAR=2024&MONTH=01&FROM=400&TO=1812&STNM=72440,4971,0,642
1716867728221,2971,University of Wyoming - Sonde Page,200,OK,Main Group 1-1,text,true,,121327,209,5,5,https://weather.uwyo.edu/cgi-bin/sounding?region=pac&TYPE=TEXT%3ALIST&YEAR=2024&MONTH=01&FROM=700&TO=1212&STNM=94866,2598,0,644
1716867729327,2776,University of Wyoming - Sonde Page,200,OK,Main Group 1-5,text,true,,21735,210,5,5,https://weather.uwyo.edu/cgi-bin/sounding?region=pac&TYPE=TEXT%3ALIST&YEAR=2024&MONTH=01&FROM=2600&TO=1412&STNM=72440,2775,0,650
1716867728655,3817,University of Wyoming - Sonde Page,200,OK,Main Group 1-3,text,true,,238819,209,5,5,https://weather.uwyo.edu/cgi-bin/sounding?region=pac&TYPE=TEXT%3ALIST&YEAR=2024&MONTH=01&FROM=700&TO=1912&STNM=93112,3245,0,633
1716867729879,2835,University of Wyoming - Sonde Page,200,OK,Main Group 1-4,text,true,,37423,210,5,5,https://weather.uwyo.edu/cgi-bin/sounding?region=pac&TYPE=TEXT%3ALIST&YEAR=2024&MONTH=01&FROM=1000&TO=1212&STNM=26477,2828,0,671
1716867734025,2283,University of Wyoming - Sonde Page,200,OK,Main Group 1-2,text,true,,12771,208,5,5,https://weather.uwyo.edu/cgi-bin/sounding?region=pac&TYPE=TEXT%3ALIST&YEAR=2024&MONTH=01&FROM=900&TO=312&STNM=72672,2283,0,605
1716867739453,1436,University of Wyoming - Sonde Page,200,OK,Main Group 1-5,text,true,,13705,209,5,5,https://weather.uwyo.edu/cgi-bin/sounding?region=pac&TYPE=TEXT%3ALIST&YEAR=2024&MONTH=01&FROM=1600&TO=712&STNM=72672,1435,0,641
1716867739999,1412,University of Wyoming - Sonde Page,200,OK,Main Group 1-1,text,true,,11026,210,5,5,https://weather.uwyo.edu/cgi-bin/sounding?region=pac&TYPE=TEXT%3ALIST&YEAR=2024&MONTH=01&FROM=2100&TO=1012&STNM=60390,1412,0,637
1716867739376,2860,University of Wyoming - Sonde Page,200,OK,Main Group 1-2,text,true,,20333,209,5,5,https://weather.uwyo.edu/cgi-bin/sounding?region=pac&TYPE=TEXT%3ALIST&YEAR=2024&MONTH=01&FROM=2000&TO=112&STNM=72440,2858,0,647
1716867737813,4884,University of Wyoming - Sonde Page,200,OK,Main Group 1-3,text,true,,137485,209,5,5,https://weather.uwyo.edu/cgi-bin/sounding?region=pac&TYPE=TEXT%3ALIST&YEAR=2024&MONTH=01&FROM=100&TO=1212&STNM=26477,4513,0,627
1716867740407,3233,University of Wyoming - Sonde Page,200,OK,Main Group 1-4,text,true,,34819,210,5,5,https://weather.uwyo.edu/cgi-bin/sounding?region=pac&TYPE=TEXT%3ALIST&YEAR=2024&MONTH=01&FROM=2700&TO=2812&STNM=93112,3229,0,637
1716867741581,4653,University of Wyoming - Sonde Page,200,OK,Main Group 1-5,text,true,,460109,209,5,5,https://weather.uwyo.edu/cgi-bin/sounding?region=pac&TYPE=TEXT%3ALIST&YEAR=2024&MONTH=01&FROM=200&TO=2412&STNM=94866,3913,0,631
1716867743754,4319,University of Wyoming - Sonde Page,200,OK,Main Group 1-1,text,true,,93454,210,5,5,https://weather.uwyo.edu/cgi-bin/sounding?region=pac&TYPE=TEXT%3ALIST&YEAR=2024&MONTH=01&FROM=2300&TO=2712&STNM=93112,4125,0,629
1716867745796,8546,University of Wyoming - Sonde Page,200,OK,Main Group 1-2,text,true,,18852,210,5,5,https://weather.uwyo.edu/cgi-bin/sounding?region=pac&TYPE=TEXT%3ALIST&YEAR=2024&MONTH=01&FROM=1800&TO=1312&STNM=72440,8546,0,630
1716867749357,5514,University of Wyoming - Sonde Page,200,OK,Main Group 1-3,text,true,,3547,210,5,5,https://weather.uwyo.edu/cgi-bin/sounding?region=pac&TYPE=TEXT%3ALIST&YEAR=2024&MONTH=01&FROM=1800&TO=1012&STNM=26477,5513,0,631
1716867749934,4975,University of Wyoming - Sonde Page,200,OK,Main Group 1-5,text,true,,9721,210,5,5,https://weather.uwyo.edu/cgi-bin/sounding?region=pac&TYPE=TEXT%3ALIST&YEAR=2024&MONTH=01&FROM=1800&TO=1412&STNM=60390,4975,0,630
1716867750819,5229,University of Wyoming - Sonde Page,200,OK,Main Group 1-4,text,true,,90416,210,5,5,https://weather.uwyo.edu/cgi-bin/sounding?region=pac&TYPE=TEXT%3ALIST&YEAR=2024&MONTH=01&FROM=2300&TO=2512&STNM=72672,5036,0,633
1716867754775,5394,University of Wyoming - Sonde Page,200,OK,Main Group 1-1,text,true,,390396,209,5,5,https://weather.uwyo.edu/cgi-bin/sounding?region=pac&TYPE=TEXT%3ALIST&YEAR=2024&MONTH=01&FROM=800&TO=2712&STNM=94866,4824,0,642
1716867760867,2861,University of Wyoming - Sonde Page,200,OK,Main Group 1-4,text,true,,31123,208,5,5,https://weather.uwyo.edu/cgi-bin/sounding?region=pac&TYPE=TEXT%3ALIST&YEAR=2024&MONTH=01&FROM=500&TO=612&STNM=93112,2857,0,634
1716867759220,4721,University of Wyoming - Sonde Page,200,OK,Main Group 1-2,text,true,,282632,208,5,5,https://weather.uwyo.edu/cgi-bin/sounding?region=pac&TYPE=TEXT%3ALIST&YEAR=2024&MONTH=01&FROM=100&TO=712&STNM=72440,4157,0,630
1716867761567,3003,University of Wyoming - Sonde Page,200,OK,Main Group 1-5,text,true,,98751,210,5,5,https://weather.uwyo.edu/cgi-bin/sounding?region=pac&TYPE=TEXT%3ALIST&YEAR=2024&MONTH=01&FROM=1200&TO=2212&STNM=60390,2774,0,631
1716867763193,2286,University of Wyoming - Sonde Page,200,OK,Main Group 1-3,text,true,,12691,209,5,5,https://weather.uwyo.edu/cgi-bin/sounding?region=pac&TYPE=TEXT%3ALIST&YEAR=2024&MONTH=01&FROM=1100&TO=412&STNM=72672,2286,0,631
1716867764884,3135,University of Wyoming - Sonde Page,200,OK,Main Group 1-1,text,true,,78479,208,5,5,https://weather.uwyo.edu/cgi-bin/sounding?region=pac&TYPE=TEXT%3ALIST&YEAR=2024&MONTH=01&FROM=300&TO=912&STNM=26477,2945,0,635
1716867767790,1301,University of Wyoming - Sonde Page,200,OK,Main Group 1-2,text,true,,9876,210,5,5,https://weather.uwyo.edu/cgi-bin/sounding?region=pac&TYPE=TEXT%3ALIST&YEAR=2024&MONTH=01&FROM=1700&TO=1112&STNM=60390,1301,0,619
1716867767697,2756,University of Wyoming - Sonde Page,200,OK,Main Group 1-3,text,true,,22694,210,5,5,https://weather.uwyo.edu/cgi-bin/sounding?region=pac&TYPE=TEXT%3ALIST&YEAR=2024&MONTH=01&FROM=1800&TO=1912&STNM=26477,2755,0,591
1716867769929,2374,University of Wyoming - Sonde Page,200,OK,Main Group 1-4,text,true,,10877,209,5,5,https://weather.uwyo.edu/cgi-bin/sounding?region=pac&TYPE=TEXT%3ALIST&YEAR=2024&MONTH=01&FROM=1800&TO=412&STNM=94866,2374,0,630
1716867771481,2491,University of Wyoming - Sonde Page,200,OK,Main Group 1-5,text,true,,12927,209,5,5,https://weather.uwyo.edu/cgi-bin/sounding?region=pac&TYPE=TEXT%3ALIST&YEAR=2024&MONTH=01&FROM=1400&TO=112&STNM=72672,2491,0,617
1716867774822,1109,University of Wyoming - Sonde Page,200,OK,Main Group 1-3,text,true,,10875,210,5,5,https://weather.uwyo.edu/cgi-bin/sounding?region=pac&TYPE=TEXT%3ALIST&YEAR=2024&MONTH=01&FROM=1800&TO=1512&STNM=94866,1109,0,630
1716867775704,1488,University of Wyoming - Sonde Page,200,OK,Main Group 1-2,text,true,,21189,209,5,5,https://weather.uwyo.edu/cgi-bin/sounding?region=pac&TYPE=TEXT%3ALIST&YEAR=2024&MONTH=01&FROM=1400&TO=612&STNM=72440,1486,0,632
1716867775146,2292,University of Wyoming - Sonde Page,200,OK,Main Group 1-1,text,true,,12198,209,5,5,https://weather.uwyo.edu/cgi-bin/sounding?region=pac&TYPE=TEXT%3ALIST&YEAR=2024&MONTH=01&FROM=1500&TO=812&STNM=93112,2292,0,616
1716867776351,1568,University of Wyoming - Sonde Page,200,OK,Main Group 1-5,text,true,,18850,209,5,5,https://weather.uwyo.edu/cgi-bin/sounding?region=pac&TYPE=TEXT%3ALIST&YEAR=2024&MONTH=01&FROM=1800&TO=712&STNM=72440,1567,0,636
1716867777206,3309,University of Wyoming - Sonde Page,200,OK,Main Group 1-4,text,true,,11367,210,5,5,https://weather.uwyo.edu/cgi-bin/sounding?region=pac&TYPE=TEXT%3ALIST&YEAR=2024&MONTH=01&FROM=1900&TO=1412&STNM=72672,3309,0,630
1716867778368,3706,University of Wyoming - Sonde Page,200,OK,Main Group 1-2,text,true,,140334,210,5,5,https://weather.uwyo.edu/cgi-bin/sounding?region=pac&TYPE=TEXT%3ALIST&YEAR=2024&MONTH=01&FROM=1000&TO=1612&STNM=94866,3317,0,636
1716867781004,3950,University of Wyoming - Sonde Page,200,OK,Main Group 1-3,text,true,,143087,209,5,5,https://weather.uwyo.edu/cgi-bin/sounding?region=pac&TYPE=TEXT%3ALIST&YEAR=2024&MONTH=01&FROM=700&TO=2212&STNM=60390,3571,0,640
1716867782659,2558,University of Wyoming - Sonde Page,200,OK,Main Group 1-1,text,true,,38786,208,5,5,https://weather.uwyo.edu/cgi-bin/sounding?region=pac&TYPE=TEXT%3ALIST&YEAR=2024&MONTH=01&FROM=300&TO=612&STNM=26477,2555,0,642
1716867784559,4131,University of Wyoming - Sonde Page,200,OK,Main Group 1-4,text,true,,419858,209,5,5,https://weather.uwyo.edu/cgi-bin/sounding?region=pac&TYPE=TEXT%3ALIST&YEAR=2024&MONTH=01&FROM=300&TO=2312&STNM=94866,3561,0,642
1716867786480,2322,University of Wyoming - Sonde Page,200,OK,Main Group 1-3,text,true,,6682,210,5,5,https://weather.uwyo.edu/cgi-bin/sounding?region=pac&TYPE=TEXT%3ALIST&YEAR=2024&MONTH=01&FROM=2600&TO=1712&STNM=26477,2322,0,625
1716867787176,3781,University of Wyoming - Sonde Page,200,OK,Main Group 1-5,text,true,,156678,210,5,5,https://weather.uwyo.edu/cgi-bin/sounding?region=pac&TYPE=TEXT%3ALIST&YEAR=2024&MONTH=01&FROM=1400&TO=2112&STNM=93112,3403,0,627
1716867788975,2445,University of Wyoming - Sonde Page,200,OK,Main Group 1-2,text,true,,1184,208,5,5,https://weather.uwyo.edu/cgi-bin/sounding?region=pac&TYPE=TEXT%3ALIST&YEAR=2024&MONTH=01&FROM=500&TO=412&STNM=93112,2445,0,629
1716867788946,3129,University of Wyoming - Sonde Page,200,OK,Main Group 1-1,text,true,,11911,210,5,5,https://weather.uwyo.edu/cgi-bin/sounding?region=pac&TYPE=TEXT%3ALIST&YEAR=2024&MONTH=01&FROM=2400&TO=2312&STNM=72672,3129,0,630
1716867791074,1393,University of Wyoming - Sonde Page,200,OK,Main Group 1-3,text,true,,9639,210,5,5,https://weather.uwyo.edu/cgi-bin/sounding?region=pac&TYPE=TEXT%3ALIST&YEAR=2024&MONTH=01&FROM=2700&TO=2012&STNM=60390,1393,0,628
1716867794846,1342,University of Wyoming - Sonde Page,400,Bad Request,Main Group 1-2,text,false,,204,209,5,5,https://weather.uwyo.edu/cgi-bin/sounding?region=pac&TYPE=TEXT%3ALIST&YEAR=2024&MONTH=01&FROM=2200&TO=012&STNM=93112,1340,0,626
1716867793815,3350,University of Wyoming - Sonde Page,200,OK,Main Group 1-4,text,true,,180948,210,5,5,https://weather.uwyo.edu/cgi-bin/sounding?region=pac&TYPE=TEXT%3ALIST&YEAR=2024&MONTH=01&FROM=1400&TO=1812&STNM=72440,2969,0,634
1716867797294,1168,University of Wyoming - Sonde Page,200,OK,Main Group 1-5,text,true,,9639,210,5,5,https://weather.uwyo.edu/cgi-bin/sounding?region=pac&TYPE=TEXT%3ALIST&YEAR=2024&MONTH=01&FROM=2700&TO=2012&STNM=60390,1168,0,634
1716867796246,4236,University of Wyoming - Sonde Page,200,OK,Main Group 1-1,text,true,,201993,208,5,5,https://weather.uwyo.edu/cgi-bin/sounding?region=pac&TYPE=TEXT%3ALIST&YEAR=2024&MONTH=01&FROM=300&TO=712&STNM=72440,3858,0,623
1716867800316,3430,University of Wyoming - Sonde Page,200,OK,Main Group 1-3,text,true,,5824,209,5,5,https://weather.uwyo.edu/cgi-bin/sounding?region=pac&TYPE=TEXT%3ALIST&YEAR=2024&MONTH=01&FROM=1100&TO=712&STNM=26477,3430,0,625
1716867803628,1103,University of Wyoming - Sonde Page,200,OK,Main Group 1-2,text,true,,12689,210,5,5,https://weather.uwyo.edu/cgi-bin/sounding?region=pac&TYPE=TEXT%3ALIST&YEAR=2024&MONTH=01&FROM=1100&TO=1012&STNM=72672,1103,0,621
1716867801273,7293,University of Wyoming - Sonde Page,200,OK,Main Group 1-4,text,true,,43582,208,5,5,https://weather.uwyo.edu/cgi-bin/sounding?region=pac&TYPE=TEXT%3ALIST&YEAR=2024&MONTH=01&FROM=400&TO=512&STNM=94866,7109,0,629
1716867809428,1380,University of Wyoming - Sonde Page,503,Service Unavailable,Main Group 1-1,text,false,,267,210,5,5,https://weather.uwyo.edu/cgi-bin/sounding?region=pac&TYPE=TEXT%3ALIST&YEAR=2024&MONTH=01&FROM=2500&TO=2812&STNM=60390,1367,0,632
1716867810809,1603,University of Wyoming - Sonde Page,200,OK,Main Group 1-2,text,true,,20255,209,5,5,https://weather.uwyo.edu/cgi-bin/sounding?region=pac&TYPE=TEXT%3ALIST&YEAR=2024&MONTH=01&FROM=2600&TO=212&STNM=72672,1603,0,642
1716867802598,11066,University of Wyoming - Sonde Page,200,OK,Main Group 1-5,text,true,,448744,209,5,5,https://weather.uwyo.edu/cgi-bin/sounding?region=pac&TYPE=TEXT%3ALIST&YEAR=2024&MONTH=01&FROM=600&TO=2812&STNM=93112,10339,0,622
1716867804461,10249,University of Wyoming - Sonde Page,200,OK,Main Group 1-3,text,true,,537868,209,5,5,https://weather.uwyo.edu/cgi-bin/sounding?region=pac&TYPE=TEXT%3ALIST&YEAR=2024&MONTH=01&FROM=500&TO=1912&STNM=72440,9508,0,622
1716867814227,1688,University of Wyoming - Sonde Page,200,OK,Main Group 1-4,text,true,,43580,208,5,5,https://weather.uwyo.edu/cgi-bin/sounding?region=pac&TYPE=TEXT%3ALIST&YEAR=2024&MONTH=01&FROM=400&TO=512&STNM=94866,1506,0,641
1716867817052,1321,University of Wyoming - Sonde Page,200,OK,Main Group 1-5,text,true,,11909,210,5,5,https://weather.uwyo.edu/cgi-bin/sounding?region=pac&TYPE=TEXT%3ALIST&YEAR=2024&MONTH=01&FROM=2400&TO=1412&STNM=72672,1321,0,623
1716867819067,5083,University of Wyoming - Sonde Page,200,OK,Main Group 1-1,text,true,,28948,209,5,5,https://weather.uwyo.edu/cgi-bin/sounding?region=pac&TYPE=TEXT%3ALIST&YEAR=2024&MONTH=01&FROM=900&TO=1012&STNM=26477,5081,0,633
1716867822908,1348,University of Wyoming - Sonde Page,400,Bad Request,Main Group 1-5,text,false,,204,209,5,5,https://weather.uwyo.edu/cgi-bin/sounding?region=pac&TYPE=TEXT%3ALIST&YEAR=2024&MONTH=01&FROM=1200&TO=012&STNM=60390,1344,0,625
1716867819620,5098,University of Wyoming - Sonde Page,200,OK,Main Group 1-4,text,true,,100434,209,5,5,https://weather.uwyo.edu/cgi-bin/sounding?region=pac&TYPE=TEXT%3ALIST&YEAR=2024&MONTH=01&FROM=700&TO=1412&STNM=26477,4900,0,628
1716867817170,8138,University of Wyoming - Sonde Page,200,OK,Main Group 1-2,text,true,,473589,209,5,5,https://weather.uwyo.edu/cgi-bin/sounding?region=pac&TYPE=TEXT%3ALIST&YEAR=2024&MONTH=01&FROM=500&TO=2812&STNM=94866,7394,0,631
1716867823585,3657,University of Wyoming - Sonde Page,200,OK,Main Group 1-3,text,true,,182718,209,5,5,https://weather.uwyo.edu/cgi-bin/sounding?region=pac&TYPE=TEXT%3ALIST&YEAR=2024&MONTH=01&FROM=400&TO=1312&STNM=93112,3289,0,629
1716867827552,4414,University of Wyoming - Sonde Page,200,OK,Main Group 1-5,text,true,,160367,209,5,5,https://weather.uwyo.edu/cgi-bin/sounding?region=pac&TYPE=TEXT%3ALIST&YEAR=2024&MONTH=01&FROM=900&TO=1612&STNM=94866,4036,0,600
1716867829421,2710,University of Wyoming - Sonde Page,200,OK,Main Group 1-2,text,true,,15963,209,5,5,https://weather.uwyo.edu/cgi-bin/sounding?region=pac&TYPE=TEXT%3ALIST&YEAR=2024&MONTH=01&FROM=2400&TO=412&STNM=72440,2710,0,627
1716867828731,3551,University of Wyoming - Sonde Page,200,OK,Main Group 1-4,text,true,,159681,209,5,5,https://weather.uwyo.edu/cgi-bin/sounding?region=pac&TYPE=TEXT%3ALIST&YEAR=2024&MONTH=01&FROM=900&TO=1712&STNM=93112,3174,0,699
1716867829400,3416,University of Wyoming - Sonde Page,200,OK,Main Group 1-1,text,true,,150770,210,5,5,https://weather.uwyo.edu/cgi-bin/sounding?region=pac&TYPE=TEXT%3ALIST&YEAR=2024&MONTH=01&FROM=2000&TO=2312&STNM=72440,3040,0,622
1716867836279,1624,University of Wyoming - Sonde Page,200,OK,Main Group 1-4,text,true,,11365,209,5,5,https://weather.uwyo.edu/cgi-bin/sounding?region=pac&TYPE=TEXT%3ALIST&YEAR=2024&MONTH=01&FROM=1900&TO=512&STNM=72672,1624,0,958
1716867837161,1358,University of Wyoming - Sonde Page,200,OK,Main Group 1-5,text,true,,6680,210,5,5,https://weather.uwyo.edu/cgi-bin/sounding?region=pac&TYPE=TEXT%3ALIST&YEAR=2024&MONTH=01&FROM=2600&TO=2212&STNM=26477,1357,0,630
1716867838344,1388,University of Wyoming - Sonde Page,200,OK,Main Group 1-1,text,true,,8243,210,5,5,https://weather.uwyo.edu/cgi-bin/sounding?region=pac&TYPE=TEXT%3ALIST&YEAR=2024&MONTH=01&FROM=2300&TO=1412&STNM=26477,1388,0,630
1716867833802,9112,University of Wyoming - Sonde Page,200,OK,Main Group 1-3,text,true,,70224,210,5,5,https://weather.uwyo.edu/cgi-bin/sounding?region=pac&TYPE=TEXT%3ALIST&YEAR=2024&MONTH=01&FROM=1300&TO=1512&STNM=72672,8923,0,636
1716867837283,9798,University of Wyoming - Sonde Page,200,OK,Main Group 1-2,text,true,,26481,210,5,5,https://weather.uwyo.edu/cgi-bin/sounding?region=pac&TYPE=TEXT%3ALIST&YEAR=2024&MONTH=01&FROM=1700&TO=1912&STNM=60390,9796,0,608
1716867845479,3010,University of Wyoming - Sonde Page,200,OK,Main Group 1-4,text,true,,6589,210,5,5,https://weather.uwyo.edu/cgi-bin/sounding?region=pac&TYPE=TEXT%3ALIST&YEAR=2024&MONTH=01&FROM=1400&TO=1112&STNM=94866,3010,0,679
1716867843139,6512,University of Wyoming - Sonde Page,200,OK,Main Group 1-5,text,true,,481716,209,5,5,https://weather.uwyo.edu/cgi-bin/sounding?region=pac&TYPE=TEXT%3ALIST&YEAR=2024&MONTH=01&FROM=100&TO=1312&STNM=72440,5771,0,1631
1716867848713,1095,University of Wyoming - Sonde Page,200,OK,Main Group 1-2,text,true,,7515,210,5,5,https://weather.uwyo.edu/cgi-bin/sounding?region=pac&TYPE=TEXT%3ALIST&YEAR=2024&MONTH=01&FROM=2000&TO=1312&STNM=26477,1095,0,638
1716867846109,5539,University of Wyoming - Sonde Page,200,OK,Main Group 1-1,text,true,,275260,210,5,5,https://weather.uwyo.edu/cgi-bin/sounding?region=pac&TYPE=TEXT%3ALIST&YEAR=2024&MONTH=01&FROM=1300&TO=2612&STNM=93112,4986,0,992
1716867851926,1358,University of Wyoming - Sonde Page,200,OK,Main Group 1-3,text,true,,9639,209,5,5,https://weather.uwyo.edu/cgi-bin/sounding?region=pac&TYPE=TEXT%3ALIST&YEAR=2024&MONTH=01&FROM=2700&TO=612&STNM=60390,1358,0,643
1716867852840,1320,University of Wyoming - Sonde Page,200,OK,Main Group 1-2,text,true,,1182,210,5,5,https://weather.uwyo.edu/cgi-bin/sounding?region=pac&TYPE=TEXT%3ALIST&YEAR=2024&MONTH=01&FROM=1400&TO=1312&STNM=93112,1320,0,641
1716867854392,1335,University of Wyoming - Sonde Page,200,OK,Main Group 1-4,text,true,,12689,209,5,5,https://weather.uwyo.edu/cgi-bin/sounding?region=pac&TYPE=TEXT%3ALIST&YEAR=2024&MONTH=01&FROM=1100&TO=312&STNM=72672,1334,0,605
1716867854906,2446,University of Wyoming - Sonde Page,200,OK,Main Group 1-5,text,true,,10014,209,5,5,https://weather.uwyo.edu/cgi-bin/sounding?region=pac&TYPE=TEXT%3ALIST&YEAR=2024&MONTH=01&FROM=2200&TO=412&STNM=60390,2446,0,630
1716867858765,2356,University of Wyoming - Sonde Page,200,OK,Main Group 1-1,text,true,,11994,210,5,5,https://weather.uwyo.edu/cgi-bin/sounding?region=pac&TYPE=TEXT%3ALIST&YEAR=2024&MONTH=01&FROM=2400&TO=1712&STNM=94866,2356,0,597
1716867859580,4594,University of Wyoming - Sonde Page,200,OK,Main Group 1-3,text,true,,515483,209,5,5,https://weather.uwyo.edu/cgi-bin/sounding?region=pac&TYPE=TEXT%3ALIST&YEAR=2024&MONTH=01&FROM=200&TO=1512&STNM=72440,3842,0,655
1716867861377,4525,University of Wyoming - Sonde Page,200,OK,Main Group 1-4,text,true,,222800,210,5,5,https://weather.uwyo.edu/cgi-bin/sounding?region=pac&TYPE=TEXT%3ALIST&YEAR=2024&MONTH=01&FROM=1600&TO=2612&STNM=93112,3968,0,639
1716867862982,4035,University of Wyoming - Sonde Page,200,OK,Main Group 1-2,text,true,,334737,210,5,5,https://weather.uwyo.edu/cgi-bin/sounding?region=pac&TYPE=TEXT%3ALIST&YEAR=2024&MONTH=01&FROM=1300&TO=2112&STNM=72440,3467,0,600
1716867864149,3032,University of Wyoming - Sonde Page,200,OK,Main Group 1-5,text,true,,92374,210,5,5,https://weather.uwyo.edu/cgi-bin/sounding?region=pac&TYPE=TEXT%3ALIST&YEAR=2024&MONTH=01&FROM=1200&TO=1512&STNM=72672,2837,0,604
1716867866606,1042,University of Wyoming - Sonde Page,400,Bad Request,Main Group 1-1,text,false,,204,209,5,5,https://weather.uwyo.edu/cgi-bin/sounding?region=pac&TYPE=TEXT%3ALIST&YEAR=2024&MONTH=01&FROM=1400&TO=012&STNM=26477,1037,0,608
1716867866258,2372,University of Wyoming - Sonde Page,200,OK,Main Group 1-3,text,true,,10115,209,5,5,https://weather.uwyo.edu/cgi-bin/sounding?region=pac&TYPE=TEXT%3ALIST&YEAR=2024&MONTH=01&FROM=1300&TO=712&STNM=60390,2372,0,628
1716867870278,6317,University of Wyoming - Sonde Page,200,OK,Main Group 1-4,text,true,,81344,210,5,5,https://weather.uwyo.edu/cgi-bin/sounding?region=pac&TYPE=TEXT%3ALIST&YEAR=2024&MONTH=01&FROM=2100&TO=2412&STNM=94866,6125,0,632
1716867872433,7378,University of Wyoming - Sonde Page,200,OK,Main Group 1-1,text,true,,218125,209,5,5,https://weather.uwyo.edu/cgi-bin/sounding?region=pac&TYPE=TEXT%3ALIST&YEAR=2024&MONTH=01&FROM=800&TO=1912&STNM=93112,6825,0,631
1716867878703,1196,University of Wyoming - Sonde Page,200,OK,Main Group 1-3,text,true,,16118,209,5,5,https://weather.uwyo.edu/cgi-bin/sounding?region=pac&TYPE=TEXT%3ALIST&YEAR=2024&MONTH=01&FROM=2700&TO=112&STNM=72440,1196,0,599
1716867873956,7531,University of Wyoming - Sonde Page,200,OK,Main Group 1-2,text,true,,24322,210,5,5,https://weather.uwyo.edu/cgi-bin/sounding?region=pac&TYPE=TEXT%3ALIST&YEAR=2024&MONTH=01&FROM=1100&TO=1212&STNM=26477,7529,0,628
1716867873238,8737,University of Wyoming - Sonde Page,200,OK,Main Group 1-5,text,true,,10641,209,5,5,https://weather.uwyo.edu/cgi-bin/sounding?region=pac&TYPE=TEXT%3ALIST&YEAR=2024&MONTH=01&FROM=1200&TO=712&STNM=60390,8737,0,641
1716867882084,2850,University of Wyoming - Sonde Page,200,OK,Main Group 1-4,text,true,,41650,210,5,5,https://weather.uwyo.edu/cgi-bin/sounding?region=pac&TYPE=TEXT%3ALIST&YEAR=2024&MONTH=01&FROM=1000&TO=1112&STNM=94866,2844,0,630
1716867884312,3178,University of Wyoming - Sonde Page,200,OK,Main Group 1-1,text,true,,151881,208,5,5,https://weather.uwyo.edu/cgi-bin/sounding?region=pac&TYPE=TEXT%3ALIST&YEAR=2024&MONTH=01&FROM=400&TO=912&STNM=72672,2774,0,594
1716867884981,3385,University of Wyoming - Sonde Page,200,OK,Main Group 1-2,text,true,,41271,208,5,5,https://weather.uwyo.edu/cgi-bin/sounding?region=pac&TYPE=TEXT%3ALIST&YEAR=2024&MONTH=01&FROM=600&TO=612&STNM=72440,3329,0,637
1716867886992,3955,University of Wyoming - Sonde Page,200,OK,Main Group 1-5,text,true,,271137,209,5,5,https://weather.uwyo.edu/cgi-bin/sounding?region=pac&TYPE=TEXT%3ALIST&YEAR=2024&MONTH=01&FROM=200&TO=1212&STNM=72672,3394,0,635
1716867888071,2897,University of Wyoming - Sonde Page,200,OK,Main Group 1-3,text,true,,47639,210,5,5,https://weather.uwyo.edu/cgi-bin/sounding?region=pac&TYPE=TEXT%3ALIST&YEAR=2024&MONTH=01&FROM=1100&TO=1412&STNM=26477,2712,0,602
1716867890288,2413,University of Wyoming - Sonde Page,200,OK,Main Group 1-2,text,true,,1184,208,5,5,https://weather.uwyo.edu/cgi-bin/sounding?region=pac&TYPE=TEXT%3ALIST&YEAR=2024&MONTH=01&FROM=900&TO=312&STNM=93112,2413,0,634
1716867890228,3942,University of Wyoming - Sonde Page,200,OK,Main Group 1-4,text,true,,290236,210,5,5,https://weather.uwyo.edu/cgi-bin/sounding?region=pac&TYPE=TEXT%3ALIST&YEAR=2024&MONTH=01&FROM=1300&TO=2712&STNM=94866,3383,0,646
1716867892944,1353,University of Wyoming - Sonde Page,200,OK,Main Group 1-5,text,true,,11992,210,5,5,https://weather.uwyo.edu/cgi-bin/sounding?region=pac&TYPE=TEXT%3ALIST&YEAR=2024&MONTH=01&FROM=2400&TO=1112&STNM=94866,1353,0,604
1716867896981,1276,University of Wyoming - Sonde Page,200,OK,Main Group 1-3,text,true,,12689,210,5,5,https://weather.uwyo.edu/cgi-bin/sounding?region=pac&TYPE=TEXT%3ALIST&YEAR=2024&MONTH=01&FROM=1100&TO=1012&STNM=72672,1276,0,603
1716867892684,5740,University of Wyoming - Sonde Page,200,OK,Main Group 1-1,text,true,,61019,210,5,5,https://weather.uwyo.edu/cgi-bin/sounding?region=pac&TYPE=TEXT%3ALIST&YEAR=2024&MONTH=01&FROM=1300&TO=1912&STNM=60390,5553,0,633
1716867895407,4187,University of Wyoming - Sonde Page,200,OK,Main Group 1-2,text,true,,206446,209,5,5,https://weather.uwyo.edu/cgi-bin/sounding?region=pac&TYPE=TEXT%3ALIST&YEAR=2024&MONTH=01&FROM=400&TO=2112&STNM=26477,3802,0,629
1716867899878,2195,University of Wyoming - Sonde Page,200,OK,Main Group 1-5,text,true,,10426,209,5,5,https://weather.uwyo.edu/cgi-bin/sounding?region=pac&TYPE=TEXT%3ALIST&YEAR=2024&MONTH=01&FROM=1000&TO=412&STNM=60390,2195,0,649
1716867901082,1151,University of Wyoming - Sonde Page,200,OK,Main Group 1-4,text,true,,1182,210,5,5,https://weather.uwyo.edu/cgi-bin/sounding?region=pac&TYPE=TEXT%3ALIST&YEAR=2024&MONTH=01&FROM=2500&TO=1912&STNM=93112,1151,0,635
1716867901631,1508,University of Wyoming - Sonde Page,200,OK,Main Group 1-3,text,true,,21733,210,5,5,https://weather.uwyo.edu/cgi-bin/sounding?region=pac&TYPE=TEXT%3ALIST&YEAR=2024&MONTH=01&FROM=2600&TO=2012&STNM=72440,1507,0,623
1716867900582,3280,University of Wyoming - Sonde Page,200,OK,Main Group 1-1,text,true,,249783,210,5,5,https://weather.uwyo.edu/cgi-bin/sounding?region=pac&TYPE=TEXT%3ALIST&YEAR=2024&MONTH=01&FROM=1200&TO=2212&STNM=72672,2719,0,637
1716867905878,1205,University of Wyoming - Sonde Page,200,OK,Main Group 1-4,text,true,,3545,209,5,5,https://weather.uwyo.edu/cgi-bin/sounding?region=pac&TYPE=TEXT%3ALIST&YEAR=2024&MONTH=01&FROM=1800&TO=112&STNM=26477,1205,0,633
1716867908688,1326,University of Wyoming - Sonde Page,503,Service Unavailable,Main Group 1-5,text,false,,267,209,5,5,https://weather.uwyo.edu/cgi-bin/sounding?region=pac&TYPE=TEXT%3ALIST&YEAR=2024&MONTH=01&FROM=700&TO=2712&STNM=60390,1320,0,733
1716867908990,1343,University of Wyoming - Sonde Page,503,Service Unavailable,Main Group 1-1,text,false,,267,209,5,5,https://weather.uwyo.edu/cgi-bin/sounding?region=pac&TYPE=TEXT%3ALIST&YEAR=2024&MONTH=01&FROM=1800&TO=312&STNM=94866,1325,0,813
1716867909063,1396,University of Wyoming - Sonde Page,503,Service Unavailable,Main Group 1-4,text,false,,267,209,5,5,https://weather.uwyo.edu/cgi-bin/sounding?region=pac&TYPE=TEXT%3ALIST&YEAR=2024&MONTH=01&FROM=300&TO=2112&STNM=60390,1388,0,740
1716867907828,8858,University of Wyoming - Sonde Page,200,OK,Main Group 1-3,text,true,,1184,208,5,5,https://weather.uwyo.edu/cgi-bin/sounding?region=pac&TYPE=TEXT%3ALIST&YEAR=2024&MONTH=01&FROM=700&TO=412&STNM=93112,8858,0,710
1716867907595,9296,University of Wyoming - Sonde Page,200,OK,Main Group 1-2,text,true,,18617,210,5,5,https://weather.uwyo.edu/cgi-bin/sounding?region=pac&TYPE=TEXT%3ALIST&YEAR=2024&MONTH=01&FROM=2500&TO=1112&STNM=72440,9295,0,686
1716867916813,2501,University of Wyoming - Sonde Page,200,OK,Main Group 1-5,text,true,,6683,209,5,5,https://weather.uwyo.edu/cgi-bin/sounding?region=pac&TYPE=TEXT%3ALIST&YEAR=2024&MONTH=01&FROM=1200&TO=412&STNM=26477,2500,0,643
1716867917446,2615,University of Wyoming - Sonde Page,200,OK,Main Group 1-1,text,true,,18305,210,5,5,https://weather.uwyo.edu/cgi-bin/sounding?region=pac&TYPE=TEXT%3ALIST&YEAR=2024&MONTH=01&FROM=2300&TO=1512&STNM=72440,2614,0,643
1716867916921,3341,University of Wyoming - Sonde Page,200,OK,Main Group 1-4,text,true,,212061,210,5,5,https://weather.uwyo.edu/cgi-bin/sounding?region=pac&TYPE=TEXT%3ALIST&YEAR=2024&MONTH=01&FROM=1700&TO=2712&STNM=94866,2951,0,641
1716867921155,1420,University of Wyoming - Sonde Page,200,OK,Main Group 1-2,text,true,,1182,210,5,5,https://weather.uwyo.edu/cgi-bin/sounding?region=pac&TYPE=TEXT%3ALIST&YEAR=2024&MONTH=01&FROM=2100&TO=1712&STNM=93112,1420,0,637
1716867923505,1481,University of Wyoming - Sonde Page,200,OK,Main Group 1-5,text,true,,1182,208,5,5,https://weather.uwyo.edu/cgi-bin/sounding?region=pac&TYPE=TEXT%3ALIST&YEAR=2024&MONTH=01&FROM=500&TO=412&STNM=93112,1481,0,699
1716867925554,1587,University of Wyoming - Sonde Page,200,OK,Main Group 1-1,text,true,,20876,209,5,5,https://weather.uwyo.edu/cgi-bin/sounding?region=pac&TYPE=TEXT%3ALIST&YEAR=2024&MONTH=01&FROM=1900&TO=112&STNM=72440,1586,0,623
1716867926096,1406,University of Wyoming - Sonde Page,200,OK,Main Group 1-4,text,true,,10424,209,5,5,https://weather.uwyo.edu/cgi-bin/sounding?region=pac&TYPE=TEXT%3ALIST&YEAR=2024&MONTH=01&FROM=1000&TO=212&STNM=60390,1406,0,622
1716867919264,8696,University of Wyoming - Sonde Page,200,OK,Main Group 1-3,text,true,,49933,208,5,5,https://weather.uwyo.edu/cgi-bin/sounding?region=pac&TYPE=TEXT%3ALIST&YEAR=2024&MONTH=01&FROM=700&TO=812&STNM=72672,8512,0,630
1716867933476,1373,University of Wyoming - Sonde Page,200,OK,Main Group 1-3,text,true,,12769,208,5,5,https://weather.uwyo.edu/cgi-bin/sounding?region=pac&TYPE=TEXT%3ALIST&YEAR=2024&MONTH=01&FROM=900&TO=412&STNM=72672,1373,0,619
1716867928736,6712,University of Wyoming - Sonde Page,200,OK,Main Group 1-2,text,true,,42995,210,5,5,https://weather.uwyo.edu/cgi-bin/sounding?region=pac&TYPE=TEXT%3ALIST&YEAR=2024&MONTH=01&FROM=1800&TO=1912&STNM=72672,6705,0,594
1716867930905,8992,University of Wyoming - Sonde Page,200,OK,Main Group 1-4,text,true,,80273,209,5,5,https://weather.uwyo.edu/cgi-bin/sounding?region=pac&TYPE=TEXT%3ALIST&YEAR=2024&MONTH=01&FROM=400&TO=1012&STNM=26477,8798,0,601
1716867931598,10116,University of Wyoming - Sonde Page,200,OK,Main Group 1-1,text,true,,155122,209,5,5,https://weather.uwyo.edu/cgi-bin/sounding?region=pac&TYPE=TEXT%3ALIST&YEAR=2024&MONTH=01&FROM=900&TO=2112&STNM=26477,9736,0,616
1716867928227,14729,University of Wyoming - Sonde Page,200,OK,Main Group 1-5,text,true,,330075,210,5,5,https://weather.uwyo.edu/cgi-bin/sounding?region=pac&TYPE=TEXT%3ALIST&YEAR=2024&MONTH=01&FROM=1100&TO=2712&STNM=94866,14153,0,623
1716867942809,2996,University of Wyoming - Sonde Page,200,OK,Main Group 1-2,text,true,,101162,210,5,5,https://weather.uwyo.edu/cgi-bin/sounding?region=pac&TYPE=TEXT%3ALIST&YEAR=2024&MONTH=01&FROM=2000&TO=2412&STNM=94866,2625,0,628
1716867944871,1279,University of Wyoming - Sonde Page,200,OK,Main Group 1-4,text,true,,18303,209,5,5,https://weather.uwyo.edu/cgi-bin/sounding?region=pac&TYPE=TEXT%3ALIST&YEAR=2024&MONTH=01&FROM=2300&TO=412&STNM=72440,1276,0,665
1716867943380,2904,University of Wyoming - Sonde Page,200,OK,Main Group 1-3,text,true,,127171,210,5,5,https://weather.uwyo.edu/cgi-bin/sounding?region=pac&TYPE=TEXT%3ALIST&YEAR=2024&MONTH=01&FROM=1200&TO=2512&STNM=60390,2528,0,622
1716867949590,1694,University of Wyoming - Sonde Page,200,OK,Main Group 1-2,text,true,,15419,210,5,5,https://weather.uwyo.edu/cgi-bin/sounding?region=pac&TYPE=TEXT%3ALIST&YEAR=2024&MONTH=01&FROM=2700&TO=1612&STNM=72672,1693,0,669
1716867950289,1562,University of Wyoming - Sonde Page,200,OK,Main Group 1-4,text,true,,9876,209,5,5,https://weather.uwyo.edu/cgi-bin/sounding?region=pac&TYPE=TEXT%3ALIST&YEAR=2024&MONTH=01&FROM=1700&TO=912&STNM=60390,1561,0,729
1716867954251,1129,University of Wyoming - Sonde Page,200,OK,Main Group 1-3,text,true,,1182,210,5,5,https://weather.uwyo.edu/cgi-bin/sounding?region=pac&TYPE=TEXT%3ALIST&YEAR=2024&MONTH=01&FROM=2500&TO=1012&STNM=93112,1129,0,648
1716867947641,8314,University of Wyoming - Sonde Page,200,OK,Main Group 1-5,text,true,,194985,210,5,5,https://weather.uwyo.edu/cgi-bin/sounding?region=pac&TYPE=TEXT%3ALIST&YEAR=2024&MONTH=01&FROM=1100&TO=2012&STNM=94866,7943,0,698
1716867947552,9403,University of Wyoming - Sonde Page,200,OK,Main Group 1-1,text,true,,158608,210,5,5,https://weather.uwyo.edu/cgi-bin/sounding?region=pac&TYPE=TEXT%3ALIST&YEAR=2024&MONTH=01&FROM=2100&TO=2812&STNM=93112,9019,0,787
1716867955923,1545,University of Wyoming - Sonde Page,200,OK,Main Group 1-2,text,true,,21733,209,5,5,https://weather.uwyo.edu/cgi-bin/sounding?region=pac&TYPE=TEXT%3ALIST&YEAR=2024&MONTH=01&FROM=2600&TO=412&STNM=72440,1542,0,661
1716867960069,1413,University of Wyoming - Sonde Page,200,OK,Main Group 1-5,text,true,,15419,209,5,5,https://weather.uwyo.edu/cgi-bin/sounding?region=pac&TYPE=TEXT%3ALIST&YEAR=2024&MONTH=01&FROM=2700&TO=912&STNM=72672,1413,0,738
1716867958333,3852,University of Wyoming - Sonde Page,200,OK,Main Group 1-4,text,true,,6371,210,5,5,https://weather.uwyo.edu/cgi-bin/sounding?region=pac&TYPE=TEXT%3ALIST&YEAR=2024&MONTH=01&FROM=1500&TO=1112&STNM=26477,3852,0,609
1716867961132,1119,University of Wyoming - Sonde Page,200,OK,Main Group 1-1,text,true,,11026,209,5,5,https://weather.uwyo.edu/cgi-bin/sounding?region=pac&TYPE=TEXT%3ALIST&YEAR=2024&MONTH=01&FROM=2100&TO=812&STNM=60390,1119,0,644
1716867961244,4795,University of Wyoming - Sonde Page,200,OK,Main Group 1-3,text,true,,256410,209,5,5,https://weather.uwyo.edu/cgi-bin/sounding?region=pac&TYPE=TEXT%3ALIST&YEAR=2024&MONTH=01&FROM=400&TO=1712&STNM=93112,4172,0,603
1716867964794,4676,University of Wyoming - Sonde Page,200,OK,Main Group 1-2,text,true,,381207,209,5,5,https://weather.uwyo.edu/cgi-bin/sounding?region=pac&TYPE=TEXT%3ALIST&YEAR=2024&MONTH=01&FROM=100&TO=1912&STNM=94866,4087,0,721
1716867967186,3672,University of Wyoming - Sonde Page,200,OK,Main Group 1-5,text,true,,91009,209,5,5,https://weather.uwyo.edu/cgi-bin/sounding?region=pac&TYPE=TEXT%3ALIST&YEAR=2024&MONTH=01&FROM=400&TO=1112&STNM=26477,3494,0,659
1716867969669,1311,University of Wyoming - Sonde Page,200,OK,Main Group 1-1,text,true,,1182,209,5,5,https://weather.uwyo.edu/cgi-bin/sounding?region=pac&TYPE=TEXT%3ALIST&YEAR=2024&MONTH=01&FROM=2500&TO=612&STNM=93112,1311,0,661
1716867967417,6383,University of Wyoming - Sonde Page,200,OK,Main Group 1-4,text,true,,473783,210,5,5,https://weather.uwyo.edu/cgi-bin/sounding?region=pac&TYPE=TEXT%3ALIST&YEAR=2024&MONTH=01&FROM=1300&TO=2512&STNM=72440,4746,0,626
1716867974955,1271,University of Wyoming - Sonde Page,200,OK,Main Group 1-2,text,true,,12769,208,5,5,https://weather.uwyo.edu/cgi-bin/sounding?region=pac&TYPE=TEXT%3ALIST&YEAR=2024&MONTH=01&FROM=900&TO=212&STNM=72672,1271,0,601
1716867969165,8734,University of Wyoming - Sonde Page,200,OK,Main Group 1-3,text,true,,236066,210,5,5,https://weather.uwyo.edu/cgi-bin/sounding?region=pac&TYPE=TEXT%3ALIST&YEAR=2024&MONTH=01&FROM=1200&TO=2312&STNM=94866,8232,0,670
1716867974926,3657,University of Wyoming - Sonde Page,200,OK,Main Group 1-1,text,true,,35653,210,5,5,https://weather.uwyo.edu/cgi-bin/sounding?region=pac&TYPE=TEXT%3ALIST&YEAR=2024&MONTH=01&FROM=1200&TO=1212&STNM=72440,3652,0,635
1716867975103,3694,University of Wyoming - Sonde Page,200,OK,Main Group 1-5,text,true,,55960,210,5,5,https://weather.uwyo.edu/cgi-bin/sounding?region=pac&TYPE=TEXT%3ALIST&YEAR=2024&MONTH=01&FROM=2000&TO=2312&STNM=26477,3452,0,654
1716867980362,1908,University of Wyoming - Sonde Page,200,OK,Main Group 1-4,text,true,,190723,209,5,5,https://weather.uwyo.edu/cgi-bin/sounding?region=pac&TYPE=TEXT%3ALIST&YEAR=2024&MONTH=01&FROM=200&TO=2212&STNM=60390,1540,0,637
1716867983584,1362,University of Wyoming - Sonde Page,200,OK,Main Group 1-3,text,true,,11085,209,5,5,https://weather.uwyo.edu/cgi-bin/sounding?region=pac&TYPE=TEXT%3ALIST&YEAR=2024&MONTH=01&FROM=2700&TO=812&STNM=94866,1362,0,672
1716867984992,1416,University of Wyoming - Sonde Page,503,Service Unavailable,Main Group 1-1,text,false,,267,210,5,5,https://weather.uwyo.edu/cgi-bin/sounding?region=pac&TYPE=TEXT%3ALIST&YEAR=2024&MONTH=01&FROM=1900&TO=1312&STNM=93112,1415,0,698
1716867983432,4912,University of Wyoming - Sonde Page,200,OK,Main Group 1-5,text,true,,53980,209,5,5,https://weather.uwyo.edu/cgi-bin/sounding?region=pac&TYPE=TEXT%3ALIST&YEAR=2024&MONTH=01&FROM=700&TO=1012&STNM=26477,4728,0,614
1716867980717,8591,University of Wyoming - Sonde Page,200,OK,Main Group 1-2,text,true,,330440,210,5,5,https://weather.uwyo.edu/cgi-bin/sounding?region=pac&TYPE=TEXT%3ALIST&YEAR=2024&MONTH=01&FROM=2000&TO=2812&STNM=72440,7539,0,674
1716867987531,2703,University of Wyoming - Sonde Page,200,OK,Main Group 1-4,text,true,,38055,210,5,5,https://weather.uwyo.edu/cgi-bin/sounding?region=pac&TYPE=TEXT%3ALIST&YEAR=2024&MONTH=01&FROM=2400&TO=2712&STNM=60390,2694,0,638
1716867988955,1447,University of Wyoming - Sonde Page,200,OK,Main Group 1-3,text,true,,15419,210,5,5,https://weather.uwyo.edu/cgi-bin/sounding?region=pac&TYPE=TEXT%3ALIST&YEAR=2024&MONTH=01&FROM=2700&TO=2612&STNM=72672,1446,0,627
1716867996732,1210,University of Wyoming - Sonde Page,503,Service Unavailable,Main Group 1-4,text,false,,267,209,5,5,https://weather.uwyo.edu/cgi-bin/sounding?region=pac&TYPE=TEXT%3ALIST&YEAR=2024&MONTH=01&FROM=600&TO=1412&STNM=93112,1205,0,657
1716867991420,7676,University of Wyoming - Sonde Page,200,OK,Main Group 1-5,text,true,,14363,210,5,5,https://weather.uwyo.edu/cgi-bin/sounding?region=pac&TYPE=TEXT%3ALIST&YEAR=2024&MONTH=01&FROM=2100&TO=2112&STNM=26477,7676,0,604
1716867992396,9879,University of Wyoming - Sonde Page,200,OK,Main Group 1-1,text,true,,317797,209,5,5,https://weather.uwyo.edu/cgi-bin/sounding?region=pac&TYPE=TEXT%3ALIST&YEAR=2024&MONTH=01&FROM=900&TO=2212&STNM=72672,9299,0,663
1716867993827,8951,University of Wyoming - Sonde Page,200,OK,Main Group 1-3,text,true,,198023,209,5,5,https://weather.uwyo.edu/cgi-bin/sounding?region=pac&TYPE=TEXT%3ALIST&YEAR=2024&MONTH=01&FROM=800&TO=1712&STNM=94866,8528,0,772
1716868000062,7492,University of Wyoming - Sonde Page,200,OK,Main Group 1-2,text,true,,386581,209,5,5,https://weather.uwyo.edu/cgi-bin/sounding?region=pac&TYPE=TEXT%3ALIST&YEAR=2024&MONTH=01&FROM=900&TO=1912&STNM=72440,6895,0,649
1716868000673,7495,University of Wyoming - Sonde Page,200,OK,Main Group 1-4,text,true,,9253,209,5,5,https://weather.uwyo.edu/cgi-bin/sounding?region=pac&TYPE=TEXT%3ALIST&YEAR=2024&MONTH=01&FROM=1900&TO=612&STNM=60390,7495,0,786
1716868006183,2702,University of Wyoming - Sonde Page,200,OK,Main Group 1-1,text,true,,21269,208,5,5,https://weather.uwyo.edu/cgi-bin/sounding?region=pac&TYPE=TEXT%3ALIST&YEAR=2024&MONTH=01&FROM=400&TO=212&STNM=72440,2700,0,648
1716868007310,1679,University of Wyoming - Sonde Page,200,OK,Main Group 1-5,text,true,,190723,209,5,5,https://weather.uwyo.edu/cgi-bin/sounding?region=pac&TYPE=TEXT%3ALIST&YEAR=2024&MONTH=01&FROM=200&TO=2212&STNM=60390,1319,0,605
1716868006698,3121,University of Wyoming - Sonde Page,200,OK,Main Group 1-3,text,true,,110861,210,5,5,https://weather.uwyo.edu/cgi-bin/sounding?region=pac&TYPE=TEXT%3ALIST&YEAR=2024&MONTH=01&FROM=1700&TO=2112&STNM=72672,2853,0,653
1716868012059,1608,University of Wyoming - Sonde Page,400,Bad Request,Main Group 1-5,text,false,,204,209,5,5,https://weather.uwyo.edu/cgi-bin/sounding?region=pac&TYPE=TEXT%3ALIST&YEAR=2024&MONTH=01&FROM=1500&TO=012&STNM=60390,1603,0,988
1716868013217,1453,University of Wyoming - Sonde Page,200,OK,Main Group 1-2,text,true,,1182,210,5,5,https://weather.uwyo.edu/cgi-bin/sounding?region=pac&TYPE=TEXT%3ALIST&YEAR=2024&MONTH=01&FROM=2500&TO=1212&STNM=93112,1453,0,697
1716868013398,1888,University of Wyoming - Sonde Page,200,OK,Main Group 1-3,text,true,,22125,210,5,5,https://weather.uwyo.edu/cgi-bin/sounding?region=pac&TYPE=TEXT%3ALIST&YEAR=2024&MONTH=01&FROM=2100&TO=2012&STNM=72440,1887,0,693
1716868016793,2528,University of Wyoming - Sonde Page,200,OK,Main Group 1-1,text,true,,9122,208,5,5,https://weather.uwyo.edu/cgi-bin/sounding?region=pac&TYPE=TEXT%3ALIST&YEAR=2024&MONTH=01&FROM=500&TO=512&STNM=26477,2528,0,642
1716868013334,6119,University of Wyoming - Sonde Page,200,OK,Main Group 1-4,text,true,,461437,209,5,5,https://weather.uwyo.edu/cgi-bin/sounding?region=pac&TYPE=TEXT%3ALIST&YEAR=2024&MONTH=01&FROM=100&TO=2312&STNM=94866,5379,0,753
1716868019326,2519,University of Wyoming - Sonde Page,200,OK,Main Group 1-3,text,true,,7773,210,5,5,https://weather.uwyo.edu/cgi-bin/sounding?region=pac&TYPE=TEXT%3ALIST&YEAR=2024&MONTH=01&FROM=2400&TO=1612&STNM=26477,2519,0,624
1716868020204,2138,University of Wyoming - Sonde Page,200,OK,Main Group 1-2,text,true,,271135,209,5,5,https://weather.uwyo.edu/cgi-bin/sounding?region=pac&TYPE=TEXT%3ALIST&YEAR=2024&MONTH=01&FROM=200&TO=1212&STNM=72672,1564,0,735
1716868022822,1437,University of Wyoming - Sonde Page,200,OK,Main Group 1-4,text,true,,1182,210,5,5,https://weather.uwyo.edu/cgi-bin/sounding?region=pac&TYPE=TEXT%3ALIST&YEAR=2024&MONTH=01&FROM=1800&TO=1612&STNM=93112,1437,0,647
1716868023463,1308,University of Wyoming - Sonde Page,400,Bad Request,Main Group 1-1,text,false,,204,208,5,5,https://weather.uwyo.edu/cgi-bin/sounding?region=pac&TYPE=TEXT%3ALIST&YEAR=2024&MONTH=01&FROM=600&TO=012&STNM=94866,1305,0,646
1716868021090,8604,University of Wyoming - Sonde Page,200,OK,Main Group 1-5,text,true,,404955,209,5,5,https://weather.uwyo.edu/cgi-bin/sounding?region=pac&TYPE=TEXT%3ALIST&YEAR=2024&MONTH=01&FROM=100&TO=2112&STNM=93112,8019,0,700
1716868028977,1362,University of Wyoming - Sonde Page,503,Service Unavailable,Main Group 1-4,text,false,,267,209,5,5,https://weather.uwyo.edu/cgi-bin/sounding?region=pac&TYPE=TEXT%3ALIST&YEAR=2024&MONTH=01&FROM=2600&TO=612&STNM=26477,1361,0,639
1716868033607,1113,University of Wyoming - Sonde Page,400,Bad Request,Main Group 1-5,text,false,,204,209,5,5,https://weather.uwyo.edu/cgi-bin/sounding?region=pac&TYPE=TEXT%3ALIST&YEAR=2024&MONTH=01&FROM=2000&TO=012&STNM=72440,1110,0,607
1716868029102,6365,University of Wyoming - Sonde Page,200,OK,Main Group 1-3,text,true,,21004,210,5,5,https://weather.uwyo.edu/cgi-bin/sounding?region=pac&TYPE=TEXT%3ALIST&YEAR=2024&MONTH=01&FROM=2000&TO=2012&STNM=94866,6363,0,643
1716868032006,4979,University of Wyoming - Sonde Page,200,OK,Main Group 1-1,text,true,,181950,209,5,5,https://weather.uwyo.edu/cgi-bin/sounding?region=pac&TYPE=TEXT%3ALIST&YEAR=2024&MONTH=01&FROM=900&TO=2812&STNM=60390,4672,0,789
1716868036672,2887,University of Wyoming - Sonde Page,200,OK,Main Group 1-4,text,true,,55002,209,5,5,https://weather.uwyo.edu/cgi-bin/sounding?region=pac&TYPE=TEXT%3ALIST&YEAR=2024&MONTH=01&FROM=800&TO=1312&STNM=60390,2585,0,628
1716868029993,10025,University of Wyoming - Sonde Page,200,OK,Main Group 1-2,text,true,,496877,209,5,5,https://weather.uwyo.edu/cgi-bin/sounding?region=pac&TYPE=TEXT%3ALIST&YEAR=2024&MONTH=01&FROM=400&TO=2412&STNM=72672,9281,0,651
1716868039993,1505,University of Wyoming - Sonde Page,200,OK,Main Group 1-3,text,true,,1182,210,5,5,https://weather.uwyo.edu/cgi-bin/sounding?region=pac&TYPE=TEXT%3ALIST&YEAR=2024&MONTH=01&FROM=2300&TO=1712&STNM=93112,1505,0,682
1716868041270,1460,University of Wyoming - Sonde Page,200,OK,Main Group 1-5,text,true,,10879,209,5,5,https://weather.uwyo.edu/cgi-bin/sounding?region=pac&TYPE=TEXT%3ALIST&YEAR=2024&MONTH=01&FROM=1100&TO=112&STNM=94866,1460,0,741
1716868042044,2552,University of Wyoming - Sonde Page,200,OK,Main Group 1-4,text,true,,6680,210,4,4,https://weather.uwyo.edu/cgi-bin/sounding?region=pac&TYPE=TEXT%3ALIST&YEAR=2024&MONTH=01&FROM=2100&TO=1012&STNM=26477,2552,0,688
1716868044295,1311,University of Wyoming - Sonde Page,200,OK,Main Group 1-3,text,true,,12535,210,3,3,https://weather.uwyo.edu/cgi-bin/sounding?region=pac&TYPE=TEXT%3ALIST&YEAR=2024&MONTH=01&FROM=1700&TO=1412&STNM=72672,1310,0,632
1716868044685,1374,University of Wyoming - Sonde Page,200,OK,Main Group 1-1,text,true,,12769,208,2,2,https://weather.uwyo.edu/cgi-bin/sounding?region=pac&TYPE=TEXT%3ALIST&YEAR=2024&MONTH=01&FROM=900&TO=112&STNM=72672,1373,0,707
1716868045703,1510,University of Wyoming - Sonde Page,200,OK,Main Group 1-2,text,true,,20331,210,1,1,https://weather.uwyo.edu/cgi-bin/sounding?region=pac&TYPE=TEXT%3ALIST&YEAR=2024&MONTH=01&FROM=2200&TO=1412&STNM=72440,1508,0,610
